id	control	cultivar	1970	1971	1972	1973	1974	1975	1976	1977	1978	1979	1980	1981	1982	1983	1984	1985	1986	1987	1988	1989	1990	1991	1992	1993	1994	1995	1996	1997	1998	1999	2000	2001	2002	2003	2004	2005	2006	2007	2008	2009	2010	2011	2012	2013	2014	2015	2016	2017	2018	2019	2020	2021
1	TINTAS	TINTAS	10448228	11012833	10798824	8213674	17457849	22593885	20265190	24830345	21984546	25805939	17369967	27976307	31912172	22168465	22290855	30195343	18736158	17213860	25753888	24032041	24795507	18045593	22146466	21189308	24444665	19451024	19313252	19980696	13590968	18051102	23975805	17853113	19059959	22281079	35135485	41398115	34162995	43653087	48852574	39148123	23633831	44473588	39303313	36855419	29810706	29935627	13370866	32850915	26868514	nd	28003505	93296587
2	ti_Alicante Bouschet	Alicante Bouschet	0	0	0	0	0	0	0	0	0	0	0	0	0	0	3226	6807	6677	16210	8203	46923	46983	0	0	54266	6525	66194	65322	67471	64396	102174	160318	160966	216461	320853	626500	1076865	1078887	1775837	1588326	1652912	849263	2130579	2098824	1524728	1456305	1519576	908841	2040198	2103844	nd	2272985	811140
3	ti_Ancelota	Ancelota	0	0	0	0	0	0	0	0	0	0	0	0	0	0	0	0	0	0	0	0	0	0	0	0	0	0	0	0	0	0	26088	47013	64318	218623	604797	861431	872741	1532209	1709883	1370728	853718	1346552	1274677	1137943	937844	773526	179028	733907	492106	nd	481402	6513974
4	ti_Aramon	Aramon	0	0	0	0	0	0	0	0	0	0	0	0	0	0	0	37384	0	0	0	0	0	0	0	0	0	0	0	0	0	0	0	0	0	0	0	0	0	0	0	0	0	0	0	0	0	0	0	0	0	nd	0	0
5	ti_Alfrocheiro	Alfrocheiro	0	0	0	0	0	0	0	0	0	0	0	0	0	0	0	0	0	0	0	0	0	0	0	0	0	0	0	0	0	0	0	0	0	0	13986	19473	43396	20509	25310	31168	0	4320	0	0	0	0	0	0	0	nd	0	0
6	ti_Arinarnoa	Arinarnoa	0	0	0	0	0	0	0	0	0	0	0	0	0	0	0	0	0	0	0	0	0	0	0	0	0	0	0	0	0	0	0	0	0	0	0	7394	11480	24878	12686	39607	35790	49376	81026	65001	56666	61817	17691	69757	44775	nd	90860	2785609
7	ti_Aspirant Bouschet	Aspirant Bouschet	0	0	0	0	0	0	0	0	0	0	0	0	0	0	0	0	0	0	0	0	0	0	0	0	0	0	0	0	0	0	0	0	0	0	0	0	0	0	0	0	0	2258	7448	3650	7091	8859	12901	18086	12830	nd	34513	15691137
8	ti_Barbera	Barbera	4548313	3971627	4035482	3152247	8334170	9017873	7406493	9426011	7621931	8756427	6230235	9078325	11552200	7521496	5947760	7290172	3553090	2845387	4447914	3414379	2587150	1449146	1703396	999104	978852	559435	594591	342488	183269	149019	397479	142690	107641	87309	104139	92672	57116	68946	92279	70932	26044	76397	47549	40630	19514	19980	14738	24218	21863	nd	12349	437640
9	ti_Bonarda	Bonarda	1631610	1868929	1875069	885582	1888558	2564146	2280229	2963398	2237040	2396836	1120992	2516029	2210953	1502343	1164038	1754291	877037	658716	639841	657726	586098	236195	400909	237867	282711	139404	146851	51131	33225	88710	67152	47406	22983	18445	24322	21021	3843	6207	7640	2320	0	250	1114	0	0	0	0	0	0	nd	0	3110
10	ti_Cabernet Franc	Cabernet Franc	238837	324924	572871	1360672	2909343	4262538	4813859	6615376	5575835	6800089	5152023	8414657	8730177	7437092	7286708	10342293	6403968	6616589	9129403	7962486	7568645	4935095	5462304	4447660	4788430	4284749	4341461	3420121	2588929	2910807	4419829	2989553	2856507	3022334	3855570	3869854	3285083	4081725	4008067	3365865	2125997	2741150	2594675	2452229	1894496	1981004	820996	2116893	1524191	nd	1506219	16626545
11	ti_Cabernet Sauvignon	Cabernet Sauvignon	0	0	0	0	0	0	0	0	0	0	0	0	0	7700	46979	149527	539711	827942	1980401	2750321	2951138	3028297	3867213	4918761	5219793	4169965	3993137	4936654	3564802	4490054	4591561	3833890	4752282	6043710	10980458	12821241	12063009	14489153	16646632	13229864	6617553	13039126	11355820	10651084	8556337	7426634	3877852	7242258	6004627	nd	5889427	1857999
12	ti_ Caladoc	Caladoc	0	0	0	0	0	0	0	0	0	0	0	0	0	0	0	0	0	0	0	0	0	0	0	0	0	0	0	0	0	0	0	0	0	0	0	0	240	1100	0	0	0	0	0	2480	3300	4000	2180	8500	4740	nd	5230	108600
13	ti_Campanario	Campanario	0	0	0	0	0	0	0	0	0	0	0	0	0	0	910	1660	845	1090	2900	1920	0	0	0	0	0	0	17045	0	0	0	0	0	0	0	0	0	0	0	0	0	0	0	0	0	0	0	0	0	0	nd	0	0
14	ti_Canaiolo	Canaiolo	596766	607921	552841	257854	372657	730961	300405	467572	423578	987080	475017	701411	812569	403013	345227	455665	271645	139047	266265	182381	131742	218689	222229	35348	29646	16364	11404	2095	1354	1961	4927	47142	500	170	2299	0	0	0	0	0	0	0	0	0	0	0	0	0	0	nd	0	0
15	ti_Carignan	Carignan	0	11796	7537	5693	4535	0	0	0	3231	2621	0	0	406	463	546	1733	1508	359	128366	0	0	48657	0	0	15582	5784	10777	176	0	0	0	20838	0	0	0	0	0	0	0	0	0	0	0	0	0	0	0	0	0	nd	0	0
16	ti_Carmenere	Carmenere	1235	18288	22154	4150	33114	54120	35879	96442	149018	100811	70779	132650	102813	19499	123660	89699	61422	41224	35458	15236	55499	23812	8743	3393	1748	10722	878	11115	10100	15050	26460	4120	49380	131949	265819	386202	234940	328254	223269	130269	85264	50125	48990	44414	66632	134180	87402	69275	241808	nd	184268	76625
17	ti_Castelão	Castelão	0	0	0	0	0	0	0	0	0	0	0	0	0	0	0	0	0	0	0	0	0	0	0	0	0	0	0	0	0	0	0	0	0	0	468	494	494	487	23252	16240	16230	26790	0	0	0	0	0	0	0	nd	0	0
18	ti_Corvina	Corvina	0	0	0	0	0	0	0	0	0	0	0	0	0	0	0	0	0	0	0	0	0	0	0	0	0	0	0	0	0	0	0	0	0	0	0	0	0	0	710	680	100	1110	1200	1382	1406	1397	419	1890	0	nd	2220	69910
19	ti_Croatina	Croatina	0	0	0	0	0	0	0	0	0	0	0	0	0	0	0	0	0	0	0	0	0	0	0	0	0	0	0	0	0	0	0	0	0	0	800	760	3012	4700	0	0	0	0	0	0	0	0	0	0	0	nd	0	0
20	ti_Cinsaut	Cinsaut	0	0	0	0	0	0	0	0	0	0	0	4148	6229	11047	13522	7195	2446	5871	22362	24663	27386	17020	13230	17745	18060	9500	243012	6000	5700	14800	0	0	0	0	0	0	0	0	0	0	0	0	0	0	0	0	0	3430	0	nd	0	0
21	ti_Dom Felder	Dom Felder	0	0	0	0	0	0	0	0	0	0	0	0	0	0	0	0	0	0	0	0	0	0	0	0	0	0	0	0	0	0	0	0	0	0	0	0	0	17590	0	0	0	0	0	0	0	0	0	0	0	nd	0	0
22	ti_Dolcetto	Dolcetto	0	0	0	0	0	0	0	0	0	0	0	0	0	0	0	0	0	0	0	0	0	0	0	0	0	0	0	0	0	0	0	0	0	0	4496	5634	0	0	0	0	0	0	0	0	0	0	0	0	0	nd	0	0
23	ti_Durif	Durif	0	0	0	0	0	0	0	0	0	0	0	11134	7496	3052	0	0	0	0	0	0	0	0	0	0	0	0	0	0	0	0	0	0	0	0	0	0	0	0	0	0	0	0	0	0	0	0	0	0	0	nd	0	0
24	ti_Egiodola	Egiodola	0	0	0	0	0	0	0	0	0	0	0	0	0	0	0	0	0	0	0	0	0	0	0	0	0	0	0	0	0	188625	325911	373345	512792	625861	859275	1070153	899584	1265676	1366406	1157679	845205	1544746	992241	1059250	911280	1053654	519874	1567341	1047960	nd	1067591	6322152
25	ti_Ekigaina	Ekigaina	0	0	0	0	0	0	0	0	0	0	0	0	0	0	0	0	0	0	0	0	0	0	0	0	0	0	0	0	0	0	0	0	0	0	0	0	0	0	1720	0	0	1350	2630	1720	600	1090	0	1340	2070	nd	1990	2202348
26	ti_Festival (Sugraone)	Festival (Sugraone)	0	0	0	0	0	0	0	0	0	0	0	0	0	0	0	0	0	0	0	0	0	0	0	0	0	0	0	0	0	0	0	0	0	0	0	0	0	0	0	0	0	18007	0	0	0	0	0	0	0	nd	0	0
27	ti_Franconia	Franconia	0	0	0	0	0	0	0	0	0	0	0	0	0	0	0	0	0	0	0	0	0	0	0	0	0	0	0	0	0	0	0	0	0	0	0	0	0	3633	0	0	9310	0	0	0	0	0	0	0	0	nd	0	0
28	ti_Freisa	Freisa	1661	1519	1005	0	713	1713	1098	0	0	382	0	0	0	213	0	4208	0	0	0	0	0	0	0	0	0	0	0	0	0	0	0	0	0	0	0	0	0	6727	0	0	0	0	0	0	41403	24452	0	22610	14020	nd	25330	0
29	ti_Gamay St Romain	Gamay St Romain	0	0	189	0	0	3498	0	1226	14517	37287	52878	167142	298609	430780	519843	895817	788089	603449	777214	735344	399023	255846	297597	253209	137064	20523	66767	140363	154220	569713	86966	55041	46993	40051	32533	64571	22755	45266	59576	38260	44153	20830	10995	11615	11180	31935	0	12835	12675	nd	0	0
30	ti_Gamay Beaujolais	Gamay Beaujolais	0	0	0	0	0	0	0	0	0	0	0	0	0	0	0	48410	0	0	447830	175560	558237	364550	311457	386708	506944	548553	528897	320585	450296	215226	557368	351732	230492	342824	508063	339559	249021	320115	316366	208276	84074	164201	163664	135405	113038	121516	45952	150331	152384	nd	143278	5375879
31	ti_Grand Noir	Grand Noir	0	930	603	0	0	3056	1787	0	713	6320	3012	0	0	0	0	27537	21	56	4264	0	0	0	245	410	420	440	378	520	422	0	0	0	459	536	0	0	0	0	0	0	0	0	0	0	0	0	0	0	0	nd	0	0
32	ti_Grenache	Grenache	19753	22418	18488	4924	19945	30867	1541	15367	13012	6100	6268	12138	17212	12094	16473	0	15851	6043	12090	18136	3289	1305	484	406	0	0	0	0	0	0	298	0	0	0	0	0	0	0	0	0	0	1180	0	0	0	0	0	0	0	nd	1130	1715870
33	ti_Jaen	Jaen	0	0	0	0	0	0	0	0	0	0	0	0	0	0	0	0	0	0	0	0	0	0	0	0	0	0	0	0	0	0	0	0	0	0	576	2824	4290	215	1037	3642	0	0	0	0	0	0	0	0	0	nd	0	0
34	ti_Lagrein	Lagrein	0	0	0	0	0	0	0	0	0	0	0	0	0	0	0	0	0	0	0	0	0	0	0	0	0	0	0	0	0	0	0	0	0	0	0	0	0	190	420	670	5670	3288	800	15300	750	1400	0	1430	2700	nd	3020	94970
35	ti_Lambrusco	Lambrusco	2259	2670	100	0	0	0	0	0	0	949	3566	13886	300	13145	28317	14360	6245	7887	5543	52860	15560	23396	32453	2985	67420	14287	20805	46645	45240	67305	45815	82657	143175	156548	113831	96040	75631	96068	113388	111537	68480	94480	52740	56120	29890	39990	19784	61779	44511	nd	29320	3221972
36	ti_Malbec	Malbec	4097	4884	0	200	6167	2012	1992	2219	2228	2017	0	12745	14466	18205	22839	39347	23431	10121	64701	37043	69305	50169	125463	63531	85941	58659	205117	63518	12977	43135	105730	45079	65886	69353	98686	133965	148733	399928	414138	393256	318059	636608	629019	590041	616160	624096	267885	740327	628780	nd	493966	8502206
37	ti_Marzemina	Marzemina	62546	66569	138699	49930	136790	132188	129224	132412	94683	191801	91706	108290	88008	115906	231695	352748	159440	162480	244605	203600	143957	106385	105326	93335	84677	55191	49350	42699	1390	0	7765	12261	25121	11607	8303	16200	9185	0	0	0	0	5460	0	0	4180	750	0	0	0	nd	0	0
38	ti_Merlot	Merlot	185596	164533	198870	263765	1050036	1409406	1538351	2257565	2793801	3240761	1907623	4618249	5762774	3099201	4939522	6965153	4775740	4310762	6278832	6258967	6440525	4275871	5014804	4827232	5881174	4320777	4230298	5443902	3188079	5071616	6223276	4962355	5836525	6826491	9886980	10632174	8449561	11399362	11866618	8876279	6179006	12510489	9645204	10179782	7846034	8030882	3286035	8309646	6257492	nd	6010486	494356
39	ti_Marselan	Marselan	0	0	0	0	0	0	0	0	0	0	0	0	0	0	0	0	0	0	0	0	0	0	0	0	0	0	0	0	0	0	0	0	0	0	0	28868	66815	109574	181823	228360	200025	339023	261314	345504	404323	411105	205095	385945	384278	nd	449156	154348
40	ti_Molinera	Molinera	0	0	0	0	0	0	0	0	0	0	0	0	0	0	0	0	0	0	0	0	0	0	0	0	0	0	0	0	0	0	0	0	0	0	0	0	0	0	692	650	100	1080	990	1009	1023	1080	324	1480	1900	nd	2198	569
41	ti_Montepulciano	Montepulciano	0	0	0	0	0	0	0	0	0	0	0	0	0	0	0	0	0	0	0	0	0	0	0	0	0	0	0	0	0	0	0	0	0	0	20721	21150	24390	30820	34060	21190	17959	21115	27678	41888	26280	25640	13330	28008	23306	nd	22968	28485
42	ti_Moscato Bailey	Moscato Bailey	0	0	0	0	0	0	0	0	0	0	0	0	0	0	0	0	0	0	0	0	0	0	0	0	0	0	0	0	0	0	0	0	0	0	0	0	0	0	0	0	0	0	0	0	0	0	0	0	152136	nd	206348	3541181
43	ti_Napa Gamay	Napa Gamay	0	0	0	0	0	0	0	0	0	0	0	0	0	0	107495	9665	0	0	102650	57830	193570	149800	194760	283550	258640	254730	348190	270240	238000	216540	290790	248160	136760	39250	265240	225660	114690	175040	179050	74640	0	31410	86650	55550	16380	8970	0	0	0	nd	0	0
44	ti_Nebbiolo	Nebbiolo	0	0	0	0	0	0	0	0	0	700	1400	0	600	0	0	0	357	4000	6454	0	28600	226893	200187	0	0	16293	89670	13639	12305	0	80	0	0	4000	4664	6671	11082	13971	10019	14148	11986	21342	37530	9327	7223	12754	3117	5494	9236	nd	8642	254738
45	ti_Petit Verdot	Petit Verdot	0	0	0	0	0	0	0	0	0	0	0	0	0	0	0	0	0	0	0	0	0	0	0	0	0	0	0	0	0	0	0	0	0	0	14994	41706	45425	57029	50933	56031	109942	127549	102402	167522	75010	135770	116266	230640	83552	nd	228503	277189
46	ti_Petite Sirah	Petite Sirah	0	0	0	0	0	0	0	0	0	0	0	0	0	836158	33693	73075	99786	61205	140196	223434	208765	86215	102830	92638	117771	112839	92374	222324	78455	109791	177654	109805	106091	28210	64909	137568	87550	99577	77759	121525	29457	98861	149196	105934	47834	48483	24564	92818	110361	nd	174949	198152
47	ti_Pinotage	Pinotage	0	0	0	0	0	0	0	0	0	0	0	0	0	0	5861	15236	13483	9527	19945	44697	76979	97269	231618	286349	409495	367315	641203	524028	629762	935337	1851305	1432456	1111531	1181440	1471881	1994817	996781	1113861	1578657	978575	644072	1075863	863296	816883	479202	560195	119773	474105	398794	nd	302532	1281674
48	ti_Pinot Noir	Pinot Noir	0	0	13440	10433	18178	14724	2204	1368	1538	2217	20601	7076	10948	14049	37268	127953	202820	125181	350891	360511	409901	320721	421419	467644	573840	505493	604623	594713	276386	471462	621890	479490	496588	443895	1054529	1704403	1161465	1270351	1930823	1387200	1309849	2513274	2799071	2392357	2592701	3125882	1279105	3676000	3240209	nd	3588106	6184345
49	ti_Pinot Saint George	Pinot Saint George	0	0	0	0	0	0	0	0	0	0	0	0	0	0	0	0	47600	45000	83400	67500	118160	84550	159380	187870	199540	189480	209420	210980	171750	195560	255810	121430	114360	10840	114110	176810	48830	72560	28170	29180	0	7600	20920	14120	2480	0	0	0	0	nd	0	0
50	ti_Piriquita	Piriquita	0	0	0	0	0	0	0	0	0	0	0	0	0	0	0	0	0	0	0	0	0	0	0	0	0	0	0	0	0	0	0	0	0	0	0	0	12845	0	0	0	0	0	0	0	0	0	0	0	0	nd	0	0
51	ti_Rebo	Rebo	0	0	0	0	0	0	0	0	0	0	0	0	0	0	0	0	0	0	0	0	0	0	0	0	0	0	0	0	0	0	0	0	0	0	0	0	550	3000	7610	4240	1650	27620	16440	19780	13420	22290	12470	44440	94480	nd	177172	15912
52	ti_Refosco	Refosco	0	0	0	0	0	0	0	0	0	0	0	0	0	0	0	0	0	0	0	0	0	0	0	0	0	0	0	0	0	0	0	0	0	0	37155	42207	26537	17415	59340	10430	9466	18705	12120	12080	13240	9310	3260	5240	7320	nd	0	380
53	ti_Rondinella	Rondinella	0	0	0	0	0	0	0	0	0	0	0	0	0	0	0	0	0	0	0	0	0	0	0	0	0	0	0	0	0	0	0	0	0	0	0	0	0	0	668	648	100	1150	1020	1089	1053	1110	333	1899	1990	nd	2340	684860
54	ti_Ruby Cabernet	Ruby Cabernet	0	0	0	0	0	0	0	0	0	0	0	0	0	0	204	426	21	700	6800	4678	0	0	220	2119	5813	13553	16653	17004	16033	24678	42699	76483	178033	264363	595080	546629	654931	782800	679484	532095	379720	582497	470683	526124	486527	388019	220231	382994	248992	nd	218783	78412
55	ti_Sangiovese	Sangiovese	27566	59316	62175	38315	59834	63279	46663	71194	49178	131721	166706	162563	182898	173104	173005	144839	77509	90701	118475	96497	59620	244050	254588	34344	99024	13099	8042	3312	0	0	684	1306	15572	33400	127049	190769	133402	115475	405224	303438	258484	359833	280756	277679	122632	135962	26601	89404	63832	nd	85292	3324793
56	ti_Sira (falsa)	Sira (falsa)	3127989	3886509	3299301	2179909	2623809	4303504	3705465	2780195	3004243	3141820	2067161	2015864	2113514	484585	1176744	1272377	695871	520216	228050	191080	182243	46003	45992	43674	4781	5327	0	28137	0	0	0	807	0	559	4792	0	0	0	14145	0	0	0	0	0	0	0	0	0	0	nd	0	0
57	ti_Tannat	Tannat	0	0	0	0	0	0	0	0	0	0	0	0	0	65320	65320	43800	68352	43762	129001	137749	351017	532348	1153030	948885	2153279	1791208	1762327	1511421	1270299	2077578	3487128	2051940	1893300	2285423	3263479	4561255	3055931	3514880	4711255	4199190	2266985	4152135	4585214	3612439	2644014	2761604	985207	3668851	2940306	nd	3571972	2634802
58	ti_Tempranillo	Tempranillo	0	0	0	0	0	0	0	0	0	0	0	0	0	0	0	0	0	0	0	0	0	0	0	0	0	0	0	0	0	0	0	0	0	12160	59028	96125	111158	192063	241017	242484	63526	256836	283929	219163	119398	182579	210551	357637	278456	nd	442330	968038
59	ti_Teroldego	Teroldego	0	0	0	0	0	0	0	0	0	0	0	0	0	0	0	0	0	0	0	0	0	0	0	0	0	0	0	0	0	0	0	0	0	0	7193	41912	51645	61659	69876	105372	68593	179095	157368	124542	87820	97455	34019	87034	77625	nd	106764	717757
60	ti_Torrontes	Torrontes	0	0	0	0	0	0	0	0	0	0	0	0	0	0	0	0	0	0	0	0	0	0	0	0	0	0	0	0	0	0	0	0	0	0	0	0	0	0	0	0	0	0	4300	3090	9580	10070	1490	14630	16350	nd	9700	0
61	ti_Tinta Barroca	Tinta Barroca	0	0	0	0	0	0	0	0	0	0	0	0	0	0	0	0	0	0	0	0	0	0	0	0	0	0	0	0	0	0	0	0	0	0	0	0	0	6520	12870	6710	0	0	0	0	0	0	0	0	0	nd	0	0
62	ti_Touriga Francesa	Touriga Francesa	0	0	0	0	0	0	0	0	0	0	0	0	0	0	0	0	0	0	0	0	0	0	0	0	0	0	0	0	0	0	0	0	0	0	6775	4680	0	0	0	0	0	0	0	0	0	0	0	0	0	nd	0	0
63	ti_Touriga Nacional	Touriga Nacional	0	0	0	0	0	0	0	0	0	0	0	0	0	0	0	0	0	0	0	0	0	0	0	0	0	0	0	0	0	0	0	0	0	0	26448	52099	42376	127462	101376	131833	97629	189928	133820	136565	86460	136611	53552	108245	122015	nd	150166	38910
64	ti_Tinta Madeira	Tinta Madeira	0	0	0	0	0	0	0	0	0	0	0	0	0	0	0	2508	1733	179	1493	0	54	0	0	0	0	0	0	0	0	0	0	0	1300	0	0	0	0	0	0	0	0	0	0	0	0	0	0	0	0	nd	0	0
65	ti_Tintoria	Tintoria	0	0	0	0	0	0	0	0	0	0	0	0	0	0	0	21260	0	14930	0	0	14526	7218	0	0	0	0	3035	0	0	0	0	0	0	0	0	0	0	0	0	0	0	0	0	0	0	0	0	0	0	nd	0	0
66	ti_Trincdeira	Trincdeira	0	0	0	0	0	0	0	0	0	0	0	0	0	0	0	0	0	0	0	0	0	0	0	0	0	0	0	0	0	0	0	0	0	0	3996	5780	3591	255	0	0	0	0	0	0	0	0	0	0	0	nd	0	0
67	ti_Trousseau	Trousseau	0	0	0	0	0	0	0	0	0	0	0	0	0	0	0	0	0	0	0	0	0	0	0	0	0	16019	0	0	0	0	0	0	0	0	0	0	0	0	0	0	0	0	0	0	0	0	0	0	0	nd	0	0
68	ti_Zinfandel	Zinfandel	0	0	0	0	0	0	0	0	0	0	0	0	0	0	0	198	41460	45226	70341	310520	1567535	1216093	1816589	2500275	2517495	1885121	1011625	1689415	593579	84271	189989	140148	74289	60875	1541	479	0	0	0	0	372	0	0	0	0	0	0	0	0	nd	0	0
69	ti_Outras1	Outras1	0	0	0	0	0	0	0	0	0	0	0	0	0	0	0	0	0	0	0	0	0	0	0	0	0	0	0	0	0	7690	10833	15000	620	0	0	0	0	0	0	0	0	0	0	0	0	0	0	0	0	nd	0	0
70	BRANCASEROSADAS	BRANCAS E ROSADAS	18858541	22168237	18073470	12213901	25625874	29361700	29805536	32674849	30557815	36390466	28354293	39473039	46757024	32040687	41615070	66103513	47542250	48998099	77578061	76181146	73556749	46526526	53561836	53106956	52888752	46675896	42887098	44119355	32115220	40486844	49613743	31608881	28623940	21018356	27340450	29066571	22335925	28254191	34602464	32556903	22104122	37931015	36519724	36958341	35769155	40130577	18769366	44058213	38722156	nd	41004206	71266239
71	br_Aliatico	Aliatico	0	0	0	0	0	0	0	0	0	0	0	0	0	0	0	0	0	1587	1850	444	0	0	0	0	0	0	0	0	0	0	0	0	0	0	0	0	0	0	0	0	0	0	0	0	0	0	0	0	0	nd	0	0
72	br_Aligote	Aligote	530	1000	1969	0	618	5009	372	0	720	0	0	482	590	756	938	0	0	0	0	0	0	0	0	0	0	53465	0	0	23716	0	0	0	90	0	0	0	0	0	0	0	0	2640	0	0	0	0	0	0	0	nd	0	0
73	br_Altesse	Altesse	0	0	0	0	0	0	0	0	0	248	550	5430	11086	12938	15903	36111	43477	8556	39549	42682	40662	18270	31166	24592	28012	13250	110708	0	0	0	0	0	0	0	0	0	0	0	0	0	0	0	0	0	0	0	0	0	0	nd	0	0
74	br_Alvarinho	Alvarinho	0	0	0	0	0	0	0	0	0	0	0	0	0	0	0	0	0	0	0	0	0	0	0	0	0	0	0	0	0	0	0	0	0	0	476	1596	0	2477	1071	1675	1088	6668	5081	12413	16147	9860	16369	41225	32647	nd	46574	242238
75	br_Arriloba	Arriloba	0	0	0	0	0	0	0	0	0	0	0	0	0	0	0	0	0	0	0	0	0	0	0	0	0	0	0	0	17439	26135	0	36661	34696	32954	49339	45825	27410	22832	51380	35375	33750	38390	40000	28829	31140	34120	17070	5280	2580	nd	2940	0
76	br_Auxerrois	Auxerrois	0	0	0	0	0	0	0	0	0	0	0	0	0	0	0	2020	0	3057	0	0	0	980	640	0	0	0	361	616	0	0	0	0	0	0	0	0	0	0	0	0	0	0	0	0	0	0	0	0	0	nd	0	0
77	br_Burger	Burger	0	0	0	0	0	0	0	0	0	0	0	0	0	0	0	2665	20591	0	4280	0	0	0	0	18394	12215	17093	14640	25067	12295	14427	13028	6507	0	0	0	0	0	0	0	0	0	0	0	0	0	0	0	0	0	nd	0	0
78	br_Chardonnay	Chardonnay	0	0	0	0	0	0	0	0	0	0	0	766	2590	12370	17191	191484	352746	396887	1016199	1379927	1310807	2185942	3127459	4940497	6118355	3271043	3402706	4745010	2966716	1501537	2873611	2197800	1604484	1568275	1745396	4441390	1830171	1752488	5829449	4812743	3836555	4916344	6347044	6174156	5821514	7253167	3070142	7856910	6068902	nd	6514864	4200465
79	br_Chasselas	Chasselas	0	0	13255	0	0	0	271	0	0	916	1524	18384	44280	34988	48466	160169	123305	100699	189452	249408	239011	114585	135893	171949	113748	112411	126389	130461	80410	267566	179914	89938	113502	53094	84254	103057	111200	48268	58390	32425	47099	29543	0	0	0	0	0	0	0	nd	0	0
80	br_Chenin Blanc	Chenin Blanc	0	0	0	0	0	0	0	0	0	0	0	0	228	14681	14678	40276	110067	97373	226826	217512	386466	504502	383916	515270	461153	557814	493923	588756	398013	492063	496981	343919	231841	44622	386277	519802	400160	355185	362750	347230	73720	212900	257090	264090	146760	173321	60580	266524	387360	nd	465377	49100
81	br_Clairette(1)	Clairette(1)	146617	116887	120166	94006	116154	139266	144596	87281	86242	86382	29871	52133	67028	5834	11168	13929	12182	910	0	0	754	0	0	0	5228	0	153092	0	0	0	0	0	0	0	0	0	0	0	0	0	0	949	0	0	0	0	0	0	0	nd	0	0
82	br_Colombard	Colombard	0	0	0	0	0	0	0	0	0	0	0	0	0	0	0	0	14480	23000	32200	28460	38460	26500	89500	128370	117660	0	203100	0	171673	282698	343181	276372	208977	153359	451264	654642	518836	593625	879719	717624	479201	445104	773273	673158	563589	512199	201659	535573	522866	nd	467614	97713
83	br_Flora	Flora	0	0	0	0	0	0	0	0	0	0	0	0	0	28568	28570	53233	52143	73563	132433	163005	184768	212220	335242	423725	345158	476088	346727	585629	311974	496779	581824	452383	215546	323181	259473	339979	251511	176396	176229	131760	35860	37620	68260	72410	45240	25090	1050	5810	2060	nd	0	0
84	br_Garganega	Garganega	0	0	0	0	0	0	0	0	0	0	0	0	0	0	0	0	0	0	0	0	0	0	0	0	0	0	0	0	0	0	0	0	0	0	53010	45800	35110	16970	8530	3170	0	0	0	0	0	0	0	0	0	nd	540	439160
85	br_Gewurztraminer	Gewurztraminer	0	0	0	0	0	0	0	0	0	0	0	1008	1258	2438	8573	88037	206986	314215	740238	1266410	1616040	1648915	1220343	1663736	1206405	751049	844959	838944	417301	293892	474897	291364	161367	92344	253539	315932	142266	284818	196483	155338	105186	206833	327678	239469	162083	207303	85385	223350	208171	nd	192058	3201453
86	br_Gouveio	Gouveio	0	0	0	0	0	0	0	0	0	0	0	0	0	0	0	0	0	0	0	0	0	0	0	0	0	0	0	0	0	0	0	0	0	0	596	1452	5312	5848	2090	7830	4358	0	0	0	0	0	0	0	0	nd	0	0
87	br_Gros Manseng	Gros Manseng	0	0	0	0	0	0	0	0	0	0	0	0	0	0	0	0	0	0	0	0	0	0	0	0	0	0	0	0	0	0	0	0	0	0	1744	4360	2500	5770	1800	3289	4430	7220	0	4640	4830	7410	0	5680	2430	nd	6296	0
88	br_Italia (Pirovano 65) (PE)	Italia (Pirovano 65) (PE)	0	0	0	0	0	0	0	0	0	0	0	0	0	0	0	0	0	0	0	0	0	0	0	0	0	0	0	0	0	0	0	0	0	0	0	0	0	0	0	2650	2230	6405	61799	5671	40230	37820	0	180	2942	nd	200	1858705
89	br_Maccabeo	Maccabeo	0	0	0	0	0	0	0	0	0	0	0	0	0	0	0	0	0	0	0	0	0	0	0	0	0	0	0	0	0	0	0	0	0	0	0	0	0	0	0	0	0	0	0	3558	0	17670	0	0	0	nd	0	0
90	br_Malvasia	Malvasia	878012	611457	763732	645868	795847	1405733	332150	378085	1068838	1747354	2115375	1614552	2522725	1526008	1886676	3422293	2261265	1526629	3392751	3428752	3945671	2006859	2279929	2986640	2786463	2855822	1587944	1957293	1718461	1184410	0	0	0	0	0	0	0	0	0	0	0	0	0	0	0	0	0	0	0	nd	0	0
91	br_Malvasia Amarela	Malvasia Amarela	0	0	0	0	0	0	0	0	0	0	0	0	0	0	0	0	0	0	0	0	0	0	0	0	27040	0	0	0	0	175917	400884	326928	228062	160402	169923	184579	61112	94281	131350	153905	251587	107015	115147	519959	149663	119930	10100	44445	52936	nd	24440	3980
92	br_Malvasia Bianca	Malvasia Bianca	0	0	0	0	0	0	0	0	0	0	0	0	0	0	0	0	0	0	0	2046	12319	16474	18306	34816	0	0	0	40689	4710	0	1792354	785519	637835	407387	350631	359199	192862	191316	325942	281064	49176	138608	119122	184949	414603	602081	217177	629101	574521	nd	494343	1165104
93	br_Malvasia Chianti	Malvasia Chianti	0	0	0	0	0	0	0	0	0	0	0	0	0	0	0	0	0	0	0	0	0	0	0	0	0	0	0	0	0	0	0	0	0	0	18411	24030	14705	15235	4730	0	2142	0	0	5061	7632	0	1314	0	0	nd	0	0
94	br_Malvasia Verde	Malvasia Verde	0	0	0	0	0	0	0	0	0	0	0	0	0	0	0	0	0	0	0	18637	0	0	10510	0	65144	0	0	0	0	173550	60915	244313	201609	165991	285416	145111	145670	253369	289366	331718	83565	60776	10979	18690	8825	5108	2460	10457	15220	nd	26597	3578
95	br_Malvasia di Candia	Malvasia di Candia	0	0	0	0	0	0	0	0	0	0	0	0	0	0	7318	0	0	0	0	0	0	0	0	0	0	0	0	0	0	0	403192	273020	135690	134390	146558	160845	228221	283476	628749	739588	649194	1727224	1825193	1692882	1888539	2512864	1268750	2785543	2557871	nd	3389071	1544223
96	br_Malvasia Istriana	Malvasia Istriana	0	0	0	0	0	0	0	0	0	0	0	0	0	0	0	0	0	0	0	0	0	0	0	0	0	0	0	0	0	0	0	0	0	0	0	300	0	0	0	0	0	0	0	0	0	0	0	0	0	nd	1090	950
97	br_Mistura de uvas viníferas	Mistura de uvas viníferas branco	0	0	0	0	0	0	0	0	0	0	0	0	0	0	0	0	0	0	0	0	0	0	0	0	0	0	0	0	0	0	0	0	0	0	0	0	0	0	0	0	0	0	0	0	0	0	0	0	0	nd	0	12278
98	br_Mistura de uvas viníferas	Mistura de uvas viníferas rosado	0	0	0	0	0	0	0	0	0	0	0	0	0	0	0	0	0	0	0	0	0	0	0	0	0	0	0	0	0	0	0	0	0	0	0	0	0	0	0	0	0	0	0	0	0	0	0	0	0	nd	0	325922
99	br_Moscato_branco	Moscato Branco	5772931	5334475	5378768	3490996	10348989	8716599	9297817	10212209	8696749	11743280	7650069	12114399	13984946	9067746	11156471	18464456	12858661	15436116	22528034	22513823	19690691	9533114	19854192	15255972	14611629	14045052	14374633	13576155	9495554	19636525	19535723	12038417	13809332	9788714	13066588	10145908	10748618	15717087	14744061	14294841	8595609	16871284	13322429	13136399	12669980	12788740	6068181	14475142	11202231	nd	11868851	12100995
100	br_Moscato Canelli	Moscato Canelli	0	0	0	0	0	0	0	0	0	0	0	0	0	0	0	0	7554	0	0	0	0	0	0	0	0	0	0	0	0	0	0	7581	19758	1059	13112	461612	57796	84053	65107	61009	55811	92887	123255	64800	85785	72462	30378	57083	121008	nd	138482	109714
101	br_Moscato Giallo	Moscato Giallo	0	0	0	0	0	0	0	0	0	0	0	0	0	0	0	0	0	0	0	0	0	0	0	0	0	0	0	0	0	1217	17700	115727	357251	349892	691230	703485	776846	1173519	1122457	1446926	1151570	1949920	1641498	1813522	1742605	1785956	813952	2091933	1590531	nd	1597829	6365205
102	br_Moscato Nazareno	Moscato Nazareno	0	0	0	0	0	0	0	0	0	0	0	0	0	0	0	0	0	0	0	0	0	0	0	0	0	0	0	0	0	0	0	287347	401583	503500	948435	921620	544530	616480	1035000	858910	690210	882104	633606	831206	886808	886075	361638	890655	639810	nd	554762	77912
103	br_Moscato Bianco R2	Moscato Bianco R2	0	0	0	0	0	0	0	0	0	0	0	0	0	0	0	0	0	0	0	0	0	0	0	0	0	0	0	0	0	0	0	0	0	0	287021	443153	331718	406650	430599	510594	317404	808748	618266	678267	770265	863910	257647	868260	867445	nd	864917	2920047
104	br_Moscato de Alexandria	Moscato de Alexandria	0	0	0	0	0	0	0	0	0	0	0	0	0	0	0	0	0	0	0	0	0	0	0	0	0	0	0	0	0	0	0	0	0	0	20550	45277	32129	51979	85756	87359	41426	105384	184748	211532	160290	192945	53037	115910	95647	nd	153442	431897
105	br_Moscato Rosado	Moscato Rosado	0	0	0	0	0	0	0	0	0	0	0	0	0	0	0	0	0	0	0	0	0	0	0	0	0	0	0	0	0	0	31105	1872	13219	0	0	0	5310	1226	0	0	2396	7617	0	0	0	0	0	0	0	nd	500	15030
106	br_Muscat a Petits Grains	Muscat à Petits Grains	0	0	0	0	0	0	0	0	0	0	0	0	0	0	0	0	0	0	0	0	0	0	0	0	0	0	0	0	0	0	0	0	0	0	0	0	0	0	0	0	0	0	0	0	0	0	0	0	3000	nd	8030	895346
107	br_Muller Thurgau	Muller Thurgau	0	0	0	0	0	0	0	0	0	0	0	0	0	0	0	2028	7026	11881	17629	17142	36313	19915	26382	31497	40535	27587	15307	19699	15232	19128	22207	12530	7770	3820	3000	0	0	0	0	0	0	0	0	0	0	0	0	0	0	nd	0	0
108	br_Muscadelle	Muscadelle	0	0	0	0	0	0	0	0	0	0	0	0	0	0	0	0	0	0	0	2007	5536	5515	4425	5430	4215	600	842	1342	2489	0	0	0	0	0	0	0	0	0	0	0	0	0	0	0	0	0	0	0	0	nd	0	0
109	br_Ora	Ora	0	0	0	0	0	0	0	0	0	0	0	0	0	0	0	0	0	0	0	0	0	0	0	0	0	0	0	0	0	0	0	0	0	0	0	0	0	0	0	0	4045	0	0	0	0	0	0	0	0	nd	0	0
110	br_Palomino	Palomino	0	0	0	0	0	715	0	1156	1430	2507	3917	5329	5687	7328	19500	30395	46533	50919	62679	64664	58657	50188	75366	107812	16137	17661	29436	16819	13406	19023	28451	19125	7959	5500	4530	4184	2270	0	0	0	0	0	0	0	0	0	0	0	0	nd	0	0
111	br_Petit Manseng	Petit Manseng	0	0	0	0	0	0	0	0	0	0	0	0	0	0	0	0	0	0	0	0	0	0	0	0	0	0	0	0	0	0	0	0	0	0	0	0	0	0	0	0	0	0	0	0	0	0	0	0	1430	nd	0	570
112	br_Peverella	Peverella	2084128	2117931	1087692	1416283	1596138	2648598	1908436	1389009	2110072	1959410	1047031	1508861	2423524	1375905	1288629	2630718	2036768	1683632	1848715	1943429	2072218	1369962	830149	1002158	1590524	781672	541364	522848	543544	224731	556215	325243	282527	159457	189972	192474	137031	111726	103270	48994	28945	64218	43656	44137	28452	40719	5557	16350	33439	nd	15858	70925
113	br_Pinot Blanc	Pinot Blanc	4000	0	0	0	0	479	2066	11984	21313	930	900	572	1825	9076	15611	129010	168354	229908	413142	516219	801355	779277	356714	496546	563207	519140	536426	421175	257467	229112	486786	227064	170590	63768	77942	60704	12245	14620	40109	8030	16940	26307	10174	8720	5980	7218	0	0	17028	nd	3000	0
114	br_Pinot Gris	Pinot Gris	0	0	0	0	0	0	0	0	0	0	0	0	0	0	0	0	0	0	0	2680	4771	4324	5821	4054	4091	1548	3358	992	0	257	0	0	0	0	2904	23206	41070	28779	41660	52000	36036	158788	187685	126844	118123	118118	67394	165697	98728	nd	183818	79922
115	br_Prosecco	Prosecco	0	0	0	0	0	0	0	0	0	0	0	0	7771	8211	9327	108830	122524	235512	449028	401705	364665	266752	249335	319841	358042	269092	325159	319186	249502	228568	455579	365590	360238	341380	395644	789457	917214	910158	1930887	2169397	1345161	2720048	2420715	2852648	3030347	3319779	1873735	3342655	4018371	nd	4393451	184218
116	br_Red Veltliner	Red Veltliner	0	0	0	0	0	0	0	0	0	0	0	1156	4240	1499	2440	4689	2522	654	1512	0	0	0	0	0	5917	9016	10527	0	0	0	0	0	0	0	0	0	0	0	0	0	0	0	0	0	0	0	0	0	0	nd	0	0
117	br_Riesling Italico	Riesling Italico	413149	404159	304688	402329	1413722	1549553	1505603	1782484	1609807	1886081	2360144	3447930	3752318	3402460	4557416	7207668	4267206	8110697	10052438	9385386	11632192	7151423	7351738	7711434	8114641	8708541	8270792	8184477	4532556	6573788	8855066	5573372	3821716	3135257	2964308	3496056	1901717	1960822	2698892	2466530	2120405	2618429	3172992	3069854	2705224	3468606	1697248	4283929	3724926	nd	3020102	20399648
118	br_Riesling Renano	Riesling Renano	0	0	0	0	0	0	0	0	0	0	0	0	0	0	5224	163005	426596	0	1505571	2105616	501972	456345	987266	1388349	480873	831082	609615	616675	859540	479779	380135	212917	154533	95021	282012	252740	213256	242940	243690	90530	96828	125166	195120	99230	94276	153605	53550	105100	121020	nd	108260	13385970
119	br_Sauvignon Blanc(2)	Sauvignon Blanc(2)	2819	5492	49244	12886	71812	43487	66163	1161046	1267449	710596	677739	880228	122285	109219	65207	190061	250087	251663	387957	594507	764746	964644	677896	1108383	1061444	1007060	945476	1022535	722142	840555	1156987	805245	544973	441667	690146	738053	606465	618034	608983	657286	350866	612060	855045	633633	515939	614222	295942	677028	517760	nd	818549	728633
120	br_Sauvignon Gris	Sauvignon Gris	0	0	0	0	0	0	0	0	0	0	0	0	0	0	0	0	0	0	0	0	0	0	0	0	0	0	0	0	0	0	0	0	0	0	0	0	0	3213	5534	2147	3629	8513	2854	3737	921	1504	0	0	0	nd	1028	0
121	br_Seara Nova	Seara Nova	0	0	0	0	0	0	0	0	0	0	0	0	5300	165	425	1640	965	2273	5965	5941	9338	6958	17061	17691	53320	90957	90729	72809	3707	9550	18890	9120	0	824	6597	3900	0	0	0	0	0	0	0	0	0	0	0	0	0	nd	0	0
122	br_Semillon	Semillon	1916	0	5172	20447	91675	99569	227838	371084	969832	1125402	1150235	1547289	2699929	2868842	3930216	7393292	6503648	6382755	9118811	8974449	9189656	4808084	4049116	4720136	4777683	4168130	4078162	3656512	2794570	2710748	4310660	2778595	2037827	1129580	1284398	1375957	600858	408016	562371	382995	165518	312204	336252	335323	149939	177672	57635	188211	225952	nd	193760	4000
123	br_Schonburger	Schonburger	0	0	0	0	0	0	0	0	0	0	0	0	0	0	0	0	0	0	0	0	0	0	0	0	0	0	0	0	0	0	0	0	0	0	0	2155	6505	15239	17687	16930	0	14538	21348	14087	5194	0	0	7454	14354	nd	14499	5500
124	br_Sylvaner	Sylvaner	0	0	0	0	0	0	0	0	159	1774	5468	11068	14451	34377	41038	73591	66793	51359	112726	141263	166398	105962	120621	142734	134300	88474	54173	46259	764782	84391	129489	50867	54811	14085	11273	12927	4530	4693	6587	492	0	1435	144	155	0	0	0	0	0	nd	0	0
125	br_Tocai Friulano	Tocai Friulano	0	0	0	0	0	0	0	0	0	0	0	0	0	0	0	923	1821	619	124	3467	3118	6143	3122	8198	7904	6530	3357	811	675	752	0	0	0	0	0	0	0	0	0	0	0	0	0	0	0	0	0	0	0	nd	0	0
126	br_Trebbiano	Trebbiano	7277270	12225175	9579813	5722394	10863544	14335368	14078518	15228827	14379466	16868971	13100126	17883890	20630475	13105231	17582216	24178593	16567251	12854969	23541232	21370782	18845488	13065462	10465345	8890736	8807970	7282643	5201279	6147074	5416678	4189110	5413475	3158394	2430532	1454210	2043524	1974463	1376390	1711643	1846212	1578176	1338957	2439317	2576020	2876041	3342859	3830336	2083491	3892478	4504485	nd	4682326	67720
127	br_Trebbiano Toscano	Trebbiano Toscano	0	0	0	0	0	0	0	0	0	0	0	0	0	0	0	0	0	0	0	0	0	0	0	0	0	0	0	0	0	0	0	0	0	0	0	0	0	0	0	0	0	0	0	0	0	0	2694	100047	18110	nd	122512	184310
128	br_Verdea	Verdea	0	6184	0	1864	3216	4264	2648	0	1252	182	0	0	305	1315	0	0	809	0	0	0	0	0	0	0	24667	0	1837	0	0	0	0	0	52	0	60	4620	0	0	0	0	0	0	0	0	0	0	0	0	0	nd	0	0
129	br_Verdelho	Verdelho	0	0	0	0	0	0	0	0	0	0	0	0	0	0	0	7900	7785	0	0	0	0	0	0	0	0	0	0	0	0	0	0	0	0	0	0	0	0	0	0	0	0	12420	14339	0	0	0	0	0	1800	nd	1540	15503
130	br_Verdiso	Verdiso	7950	770	0	0	0	0	0	0	0	0	11497	10279	24470	9251	46048	23684	0	0	5895	0	970	0	2670	0	0	0	0	1250	0	1654	1435	1370	0	0	0	0	0	0	0	0	0	0	0	0	0	0	0	0	0	nd	0	0
131	br_Vermentino	Vermentino	20461	6097	8945	6153	8954	7070	6478	5649	3802	3848	2446	2487	717	17866	29380	32124	22409	22566	43631	40395	29830	22976	29997	31240	28165	38338	16910	20335	1130	12833	17835	11510	8960	7612	6090	6340	1040	660	3090	1940	560	5480	4844	3220	1890	790	0	0	0	nd	0	0
132	br_Vernaccia	Vernaccia	122467	190297	111691	65995	114553	135975	142787	170590	108824	252585	197401	366796	428996	383615	826441	1450663	978903	1124796	1701470	1300388	1603877	1147439	821716	940415	898589	674738	458887	509954	319538	315739	501737	258814	125716	128334	94237	57162	34760	32672	21146	14498	6520	4930	3780	7970	4150	4760	0	5100	4020	nd	95680	0
133	br_Viognier	Viognier	0	0	0	0	0	0	0	0	0	0	0	0	0	0	0	0	0	0	0	0	0	0	0	0	0	0	0	0	0	0	0	0	0	0	570	3219	16581	37628	41338	49935	76145	144979	200288	247081	149333	285217	95231	365103	470555	nd	531026	78305
134	br_Outras(3)	Outras(3)	2126291	1148313	648335	334680	200652	270015	2089793	1875445	231860	0	0	0	0	0	0	26	793	1304	5724	0	0	26796	0	16341	18318	0	34280	49983	0	410	73487	23457	240894	258677	0	0	0	0	0	0	0	0	0	0	0	0	0	0	0	nd	0	0
