Id|País|1970|1971|1972|1973|1974|1975|1976|1977|1978|1979|1980|1981|1982|1983|1984|1985|1986|1987|1988|1989|1990|1991|1992|1993|1994|1995|1996|1997|1998|1999|2000|2001|2002|2003|2004|2005|2006|2007|2008|2009|2010|2011|2012|2013|2014|2015|2016|2017|2018|2019|2020|2021|TIPO
1|Africa do Sul|0|0|0|0|0|0|0|0|0|0|0|0|0|0|0|0|0|0|0|0|0|0|0|0|0|0|0|0|0|0|0|42661|32194|157239|303489|407413|358870|386425|315380|493093|966276|507509|722327|475331|722715|743335|578829|1138732|1127053|1092042|627150|859169|VINHOS DE MESA
2|Alemanha|52297|34606|134438|111523|219173|134354|168134|160926|437831|433478|457033|707194|996948|850055|586645|1069717|2357113|1307519|2029271|2885143|3342223|3096425|2515557|5721360|11047710|11919346|8680860|4867017|3014081|2576557|1164724|909077|759712|573198|420075|253685|314749|234006|293935|56075|192661|198025|113243|114866|115804|95171|158386|83289|142971|101055|136992|106541|VINHOS DE MESA
3|Argélia|0|0|0|0|0|0|0|0|0|0|0|0|0|0|0|0|0|0|0|0|0|0|0|0|0|0|0|0|0|0|0|0|0|0|0|0|0|0|0|0|0|0|0|0|0|0|0|0|0|0|0|0|VINHOS DE MESA
4|Arábia Saudita|0|0|0|0|0|0|0|0|0|0|0|0|0|0|0|0|0|0|0|0|0|0|0|0|0|0|0|0|0|0|0|0|0|0|0|0|0|0|0|0|0|0|0|0|0|0|0|0|563|0|0|2510|VINHOS DE MESA
5|Argentina|19525|24942|104906|116887|215930|145823|348653|408399|614134|646978|298471|131738|191972|132634|42438|114570|170413|98854|414931|716062|455774|852441|444896|359542|446315|1397904|779008|1013306|1295190|2475780|2724941|2585537|3867336|5720024|10202602|10845213|11939727|15621172|14417761|13902750|16965266|16673491|14613839|12732815|13437321|12465041|14098009|15461740|15221318|16548931|22610267|26869241|VINHOS DE MESA
6|Austrália|0|0|0|0|0|0|0|0|0|0|0|0|0|0|0|0|0|0|0|0|0|0|0|0|0|0|0|0|0|0|130097|179310|148916|126441|192539|324162|254407|363611|215135|270908|405271|824440|615334|553190|236742|395030|498515|354641|3518|16292|212595|366875|VINHOS DE MESA
7|Áustria|1328|0|353|2310|5301|8835|0|0|600|4250|2385|0|0|8400|0|11830|1740|2520|1800|0|0|6180|0|3580|910|1080|0|4404|8926|83930|0|770|0|0|1170|1688|1351|1688|11388|1895|2329|6357|8098|56849|2770|360|1485|2655|513995|348289|6540|13427|VINHOS DE MESA
8|Bermudas|0|0|0|0|0|0|0|0|0|0|0|0|0|0|0|0|0|0|0|0|0|0|0|0|0|0|0|0|0|0|0|0|0|0|0|0|0|0|0|0|0|0|0|0|0|0|0|0|0|0|0|10|VINHOS DE MESA
9|Bélgica|0|0|0|0|0|0|0|0|0|0|0|0|0|0|0|0|0|0|0|0|0|0|20700|882|0|0|0|13791|9363|5550|0|0|0|0|0|0|0|0|0|0|0|0|0|0|0|0|7|4376|163|7|0|0|VINHOS DE MESA
10|Bolívia|0|0|0|0|0|0|0|0|0|0|0|0|0|0|0|0|0|0|0|0|0|0|0|0|0|0|0|0|0|0|0|0|0|0|0|0|0|540|0|0|0|0|0|0|0|0|0|0|0|0|0|0|VINHOS DE MESA
11|Bósnia-Herzegovina|0|0|0|0|0|0|0|0|0|0|0|0|0|0|0|0|0|0|0|0|0|0|0|0|0|0|0|0|0|0|0|0|0|0|0|0|0|0|0|0|0|0|0|0|0|0|0|0|0|0|1218|0|VINHOS DE MESA
12|Brasil|0|0|0|0|0|0|0|0|0|0|0|0|0|0|0|0|0|0|0|0|0|0|0|0|0|0|0|0|0|0|0|0|0|0|2088|3007|2930|3513|309|0|7|93|1051|473|449|1359|183|845617|18040|29295|4347|12602|VINHOS DE MESA
13|Bulgária|0|0|0|0|0|0|0|0|0|0|0|0|0|0|0|0|0|0|0|0|0|0|0|0|0|0|0|0|0|0|0|0|0|0|0|0|0|0|0|0|20997|1097|0|5947|15019|17244|17777|35284|16166|10944|23110|34185|VINHOS DE MESA
14|Canada|0|0|0|0|0|0|0|0|0|0|0|0|0|0|0|0|0|0|0|0|0|0|0|0|0|0|0|0|0|0|0|0|0|0|0|0|0|0|396|0|0|2322|0|0|1530|0|0|0|301|0|0|0|VINHOS DE MESA
15|Chile|162370|74406|161736|301559|550691|952233|2175650|2593464|3742918|4235991|2568586|1647720|786016|598657|490217|1114665|1347894|914549|1240065|2020687|1530497|1424430|1073114|1633996|2347724|2622381|1964361|2951870|3203054|4312887|5559322|5160203|6200375|7955549|11134141|11647128|15194205|18845522|18662626|22476643|26434744|26642889|30258795|28288212|35479279|36686870|43400991|51787643|51104825|52697108|72726186|69617587|VINHOS DE MESA
16|China|0|0|0|0|0|0|0|0|0|0|0|0|0|0|0|0|0|0|0|0|0|0|0|0|0|0|0|0|0|0|0|0|0|0|0|0|22|459|6858|0|0|0|0|0|0|0|108|1000|5|317|0|0|VINHOS DE MESA
17|Coreia do Sul, República|0|0|0|0|0|0|0|0|0|0|0|0|0|0|0|0|0|0|0|0|0|0|0|0|0|0|0|0|0|0|0|0|0|0|450|0|800|0|0|0|0|0|0|0|0|0|0|0|0|0|0|0|VINHOS DE MESA
18|Croácia|0|0|0|0|0|0|0|0|0|0|0|0|0|0|0|0|0|0|0|0|0|0|0|0|0|0|0|0|0|0|0|0|0|0|0|0|0|0|0|0|0|450|630|0|0|2069|0|0|0|450|0|17343|VINHOS DE MESA
19|Emirados Árabes Unidos|0|0|0|0|0|0|0|0|0|0|0|0|0|0|0|0|0|0|0|0|0|0|0|0|0|0|0|0|0|0|0|0|0|0|0|0|0|0|0|0|0|0|0|0|35|529|2175|0|0|0|0|0|VINHOS DE MESA
20|Eslovênia|0|0|0|0|0|0|0|0|0|0|0|0|0|0|0|0|0|0|0|0|0|0|0|0|0|0|0|0|0|0|0|0|0|0|0|0|0|0|0|0|0|3600|433|2192|4190|4640|14366|0|20976|30968|11392|42944|VINHOS DE MESA
21|Eslováquia|0|0|0|0|0|0|0|0|0|0|0|0|0|0|0|0|0|0|0|0|0|0|0|0|0|0|0|0|0|0|0|0|0|0|0|0|0|0|0|0|0|0|0|0|0|0|1305|21424|10800|459|0|0|VINHOS DE MESA
22|Espanha|261126|140507|300582|226805|362577|174608|52474|105667|87767|103825|111381|56316|119748|65961|7200|61924|52429|71472|67339|54954|132157|52892|51921|48534|166267|385466|510076|352213|370580|396453|531425|624644|435422|410133|603666|508494|971869|862045|990697|1119540|1622100|1999970|2540209|2772104|2760797|3024533|3948614|7240535|5595268|5797980|7169384|8793911|VINHOS DE MESA
23|Estados Unidos|0|915|2156|0|0|965|1800|2250|58050|32400|32400|28350|40563|21654|0|11025|5796|16517|6120|14400|27900|25655|16836|77914|93789|142331|275864|511333|381199|674683|426442|374590|139693|173327|79531|53043|61283|79376|65956|85393|194774|369806|379329|518888|788773|775131|725420|1372347|548655|534870|366584|506405|VINHOS DE MESA
24|França|91544|88714|176688|259060|316584|191546|284613|322033|355292|458369|248038|303063|313977|267008|117087|540136|625421|340250|435573|701300|479460|503488|356417|924323|1821215|2043172|1917908|3388528|3853865|3529422|3431635|3118460|2355088|1958362|2092261|1671209|2561966|2737947|2466277|2372448|2799118|3329437|3181440|3265362|3592782|3617130|3831566|5921728|4653789|5324383|5658139|6241310|VINHOS DE MESA
25|Geórgia|0|0|0|0|0|0|0|0|0|0|0|0|0|0|0|0|0|0|0|0|0|0|0|0|0|0|0|0|0|0|0|0|0|0|0|0|0|0|0|0|0|0|0|33750|0|0|0|0|8164|21748|20274|19188|VINHOS DE MESA
26|Geórgia do Sul e Sandwich do Sul, Ilhas|0|0|0|0|0|0|0|0|0|0|0|0|0|0|0|0|0|0|0|0|0|0|0|0|0|0|0|0|0|0|0|0|0|0|0|0|0|0|0|0|0|0|0|0|0|0|0|0|0|0|0|1838|VINHOS DE MESA
27|Grécia|0|0|0|0|0|0|0|0|0|0|0|0|0|0|0|0|0|0|0|0|0|0|0|0|0|0|0|0|0|0|0|0|0|0|0|0|670|18110|11034|52474|42449|82207|68966|13241|24244|55680|6568|40775|41601|21251|61181|13619|VINHOS DE MESA
28|Hong Kong|0|0|0|0|0|0|0|0|0|0|0|0|0|0|0|0|0|0|0|0|0|0|0|0|0|0|0|0|0|0|0|0|0|0|0|0|0|0|0|0|0|0|0|0|0|0|0|0|0|0|311|0|VINHOS DE MESA
29|Hungria|0|0|0|0|0|0|0|0|0|0|0|0|0|0|0|0|0|0|0|0|0|0|0|0|0|0|0|0|0|0|0|0|0|13391|10967|10858|10530|14600|15981|12632|15193|15073|10404|10911|18733|5117|8315|23813|23742|34591|5254|20174|VINHOS DE MESA
30|Indonesia|0|0|0|0|0|0|0|0|0|0|0|0|0|0|0|0|0|0|0|0|0|0|0|0|0|0|0|0|0|0|0|0|0|0|0|0|0|0|0|0|0|0|0|0|0|0|0|0|36|258|0|0|VINHOS DE MESA
31|Irlanda|0|0|0|0|0|0|0|0|0|0|0|0|0|0|0|0|0|0|0|0|0|0|0|0|0|0|0|0|0|0|0|0|0|0|0|0|0|0|0|0|0|0|0|0|0|0|0|0|107|179|0|0|VINHOS DE MESA
32|Israel|0|0|0|0|0|0|0|0|0|0|0|0|0|0|0|0|0|0|0|0|0|0|0|0|0|0|0|0|0|0|0|0|0|0|0|0|0|13250|8694|8924|15782|16382|8439|24622|7734|19028|12548|37302|40354|52237|38239|60281|VINHOS DE MESA
33|Itália|58802|108409|142196|258754|305763|250541|304377|348461|250535|407274|217226|178772|284440|266333|132321|327976|430029|306950|410419|750290|497616|566035|540439|1333424|2745848|3859353|3771901|5203832|5481659|6187860|8261193|8113437|5878763|5237027|6190395|6010760|7983641|9177932|9723292|8387908|11911190|12025827|10506144|8308831|8566756|8261383|7936409|11538990|10154564|10323254|9659999|11231625|VINHOS DE MESA
34|Japão|0|0|0|0|0|0|0|0|0|0|0|0|0|0|0|0|0|0|0|0|0|0|0|0|0|0|0|0|0|0|0|0|0|0|0|0|0|0|0|0|0|0|0|0|0|0|0|0|0|153|0|0|VINHOS DE MESA
35|Iugoslavia|702|640|1824|1251|2520|7969|2100|1764|1764|2100|0|0|1350|0|0|14238|0|17835|20160|17100|38640|25650|25596|8550|25920|51840|0|0|0|0|0|0|0|0|0|0|0|0|0|0|0|0|0|0|0|0|0|0|0|0|0|0|VINHOS DE MESA
36|Líbano|0|0|0|0|0|0|0|0|0|0|0|0|0|0|0|0|0|0|0|0|0|0|0|0|0|0|0|0|0|0|0|0|0|1116|662|1431|5121|6768|10270|5310|15741|17685|5805|6588|47610|6480|10665|12737|19742|21836|12384|24194|VINHOS DE MESA
37|Luxemburgo|0|0|0|0|0|0|0|0|0|0|0|0|0|0|0|0|0|0|0|0|0|0|0|0|0|0|0|0|0|0|0|0|0|0|0|0|0|0|0|0|0|0|0|0|0|0|0|0|5|0|0|0|VINHOS DE MESA
38|Macedônia|0|0|0|0|0|0|0|0|0|0|0|0|0|0|0|0|0|0|0|0|0|0|0|0|0|0|0|0|0|0|0|0|0|0|0|0|0|0|0|0|0|0|0|0|252|0|0|0|0|1323|0|0|VINHOS DE MESA
39|Marrocos|0|0|0|0|0|0|0|0|0|0|0|0|0|0|0|0|0|0|0|0|0|0|0|0|0|0|0|0|0|0|0|0|0|0|0|0|0|0|0|0|0|0|450|0|0|1755|0|0|0|2250|2160|986|VINHOS DE MESA
40|México|0|0|0|0|0|0|0|0|0|0|0|0|0|0|0|0|0|0|0|0|0|0|0|0|0|0|0|0|0|0|0|0|0|0|0|0|0|0|0|0|7004|0|0|0|0|0|0|0|134|646|33|4|VINHOS DE MESA
41|Moldávia|0|0|0|0|0|0|0|0|0|0|0|0|0|0|0|0|0|0|0|0|0|0|0|0|0|0|0|0|0|0|0|0|0|0|0|0|0|0|0|0|0|0|0|0|0|0|0|0|0|0|5832|25998|VINHOS DE MESA
42|Montenegro|0|0|0|0|0|0|0|0|0|0|0|0|0|0|0|0|0|0|0|0|0|0|0|0|0|0|0|0|0|0|0|0|0|0|0|0|0|0|0|0|0|0|0|0|0|0|0|0|0|1701|0|0|VINHOS DE MESA
43|Noruega|0|0|0|0|0|0|0|0|0|0|0|0|0|0|0|0|0|0|0|0|0|0|0|0|0|0|0|0|0|0|0|0|0|0|0|0|0|0|0|0|0|0|0|0|0|0|396|5|0|0|0|0|VINHOS DE MESA
44|Nova Zelândia|0|0|0|0|0|0|0|0|0|0|0|0|0|0|0|0|0|0|0|0|0|0|0|0|0|0|0|0|0|0|0|0|0|21139|11774|31291|31825|47220|58408|30806|102683|151194|81611|90728|106251|117340|50177|31379|130854|133179|15372|21995|VINHOS DE MESA
45|Paises Baixos (Holanda)|0|0|0|0|0|0|0|0|0|0|0|0|0|0|0|0|0|0|0|0|0|0|0|0|0|0|0|0|0|0|0|0|0|0|0|0|0|0|0|0|0|0|0|0|0|0|0|0|283|634|2285|0|VINHOS DE MESA
46|Panamá|0|0|0|0|0|0|0|0|0|0|0|0|0|0|0|0|0|0|0|0|0|0|0|0|0|0|0|0|0|0|0|0|0|0|0|0|0|0|0|0|0|0|0|0|0|0|0|0|0|17|0|0|VINHOS DE MESA
47|Peru|0|0|0|0|0|0|0|0|0|0|0|0|0|0|0|0|0|0|0|0|0|0|0|0|0|0|0|0|0|0|0|0|0|0|0|0|0|0|0|0|33|0|0|0|3201|0|0|0|77|0|0|0|VINHOS DE MESA
48|Porto Rico|0|0|0|0|0|0|0|0|0|0|0|0|0|0|0|0|0|0|0|0|0|0|0|0|0|0|0|0|0|0|0|0|0|0|0|0|0|15658|0|0|0|0|0|0|0|0|0|0|47|21|54|0|VINHOS DE MESA
49|Portugal|785609|897310|1650727|2818320|2245288|2192004|2284423|2132582|2763298|2823760|1601931|933906|1074983|1189656|536706|1484998|2270772|1477093|1454323|1690391|1423882|1361858|1034446|1678448|2549247|5442249|4438522|5421763|4656474|4408133|5011051|5225372|3047860|3344190|4151101|5182827|5936299|6805601|6213781|5884719|7801759|8556375|9714940|9299080|9735153|9952290|10821232|17345709|17698831|18228699|23627260|25925363|VINHOS DE MESA
50|Reino Unido|0|0|0|0|0|0|0|0|0|0|0|0|0|0|0|0|0|0|0|0|0|0|0|0|0|0|0|0|0|0|0|0|0|0|0|0|14909|7056|315|10236|621|270|406|127|315|90|5|16|4126|4819|2586|1164|VINHOS DE MESA
51|Republica Dominicana|0|0|0|0|0|0|0|0|0|0|0|0|0|0|0|0|0|0|0|0|0|0|0|0|0|0|0|0|0|0|0|0|0|0|0|0|0|0|0|0|0|0|0|0|0|0|0|0|2|0|0|0|VINHOS DE MESA
52|Romênia|0|0|0|0|0|0|0|0|0|0|0|0|0|0|0|0|0|0|0|0|0|0|0|0|0|0|0|0|0|0|0|0|0|0|0|0|0|0|0|0|0|0|33750|0|4163|5950|0|18509|13719|5196|30635|33770|VINHOS DE MESA
53|Rússia|0|0|0|0|0|0|0|0|0|0|0|0|0|0|0|0|0|0|0|0|0|0|0|0|0|0|0|0|0|0|0|0|0|0|0|0|0|0|0|0|0|0|0|0|0|0|0|0|17483|0|0|32179|VINHOS DE MESA
54|San Marino|0|0|0|0|0|0|0|0|0|0|0|0|0|0|0|0|0|0|0|0|0|0|0|0|0|0|0|0|0|0|0|0|0|0|0|0|0|0|0|0|0|0|0|0|0|0|0|0|0|0|0|1095|VINHOS DE MESA
55|Sérvia|0|0|0|0|0|0|0|0|0|0|0|0|0|0|0|0|0|0|0|0|0|0|0|0|0|0|0|0|0|0|0|0|0|0|0|0|0|0|0|0|0|0|0|0|0|0|0|0|0|0|0|3471|VINHOS DE MESA
56|Síria|0|0|0|0|0|0|0|0|0|0|0|0|0|0|0|0|0|0|0|0|0|0|0|0|0|0|0|0|0|0|0|0|0|0|0|0|0|0|0|0|0|0|0|0|0|0|0|398|0|641|0|484|VINHOS DE MESA
57|Suíça|0|0|0|0|0|0|0|0|0|0|0|0|0|0|0|0|0|0|0|0|0|0|0|0|0|0|0|0|0|0|0|0|0|1900|4658|3841|4222|0|1194|4860|2483|0|0|0|0|1125|6|138|559|4510|735|7|VINHOS DE MESA
58|Tcheca, República|0|0|0|0|0|0|0|0|0|0|0|0|0|0|0|0|0|0|0|0|0|0|0|0|0|0|0|0|0|0|0|0|0|0|0|0|0|0|0|0|0|0|0|0|0|0|0|0|0|0|0|225|VINHOS DE MESA
59|Tunísia|0|0|0|0|0|0|0|0|0|0|0|0|0|0|0|0|0|0|0|0|0|0|0|0|0|0|0|0|0|0|0|0|0|0|0|0|0|0|0|0|0|16420|19913|8000|0|0|0|0|0|0|0|0|VINHOS DE MESA
60|Turquia|0|0|0|0|0|0|0|0|0|0|0|0|0|0|0|0|0|0|0|0|0|0|0|0|0|0|0|0|0|0|0|0|0|0|0|0|0|0|0|0|0|0|0|0|0|32247|0|0|1591|0|17563|0|VINHOS DE MESA
61|Ucrânia|0|0|0|0|0|0|0|0|0|0|0|0|0|0|0|0|0|0|0|0|0|0|0|0|0|0|0|0|0|0|0|0|0|0|0|0|0|0|0|0|0|0|0|0|0|0|5319|865|0|4646|0|0|VINHOS DE MESA
62|Uruguai|5767|1917|7394|0|0|0|0|24191|32371|13320|8880|0|0|0|0|0|0|0|0|0|0|0|11247|33040|35219|33150|72000|89117|277989|1712036|1961733|1668697|1247891|1096094|660522|512973|715474|2387225|920389|750343|1219387|1264306|1323884|1372329|1237537|1399547|2215692|5009098|2836574|2778244|4079076|3788831|VINHOS DE MESA
63|Não consta na tabela|0|0|0|0|0|0|0|0|0|0|0|0|0|0|0|0|0|0|0|0|0|0|0|0|0|0|63755|0|0|0|0|0|0|0|0|0|0|0|0|0|0|0|0|0|0|0|0|0|0|0|0|0|VINHOS DE MESA
64|Não declarados|0|0|0|0|0|0|0|0|0|0|0|0|0|0|0|0|0|0|0|0|0|0|0|0|0|0|21185|0|0|0|0|0|0|0|0|0|0|0|0|0|0|0|0|0|0|0|0|0|0|0|0|0|VINHOS DE MESA
65|Outros|5508|77789|79052|4306|21501|18132|10200|450|1347|2411|10446|17133|22104|6738|26490|5400|15717|28|435|10788|65835|97662|24465|146730|174758|200336|127039|186470|187919|49646|73451|47256|64069|0|0|13970|0|0|0|0|0|0|0|0|0|0|0|0|0|0|0|0|VINHOS DE MESA
1|Africa do Sul|0|0|0|0|0|0|0|0|0|0|0|0|0|0|0|0|0|0|0|0|0|0|0|0|0|0|0|0|0|0|0|0|0|5546|59|520|275|90|9212|10381|8121|20213|24954|26985|18659|19686|7394|4913|15368|17583|3574|6980|ESPUMANTES
2|Alemanha|0|25|2864|2900|1667|355|1947|840|420|1020|332|753|117270|215712|3360|0|32490|1800|450|9000|12613|11275|6059|39747|37942|75829|22766|8648|9403|1980|1130|6516|7034|3114|22785|888|1170|1980|1959|1170|1116|810|1260|1247|5093|3647|3420|4819|18376|26853|21174|19977|ESPUMANTES
3|Argentina|4980|8811|35301|39208|2831|11120|0|0|180|13500|0|0|0|0|0|0|270|0|315|5176|4500|24889|7020|17205|8270|17382|567|11139|85497|86940|114511|32464|17096|143659|1008169|1135922|1713270|556320|1015357|894550|1086901|997492|963574|702963|807366|490536|358510|661857|706478|757716|469547|723847|ESPUMANTES
4|Austrália|0|0|0|0|0|0|0|0|0|0|0|0|0|0|0|0|0|0|0|0|0|0|0|0|0|0|0|0|0|0|0|0|1136|0|1310|1125|675|855|495|225|0|45|0|30|0|4967|19182|19198|57917|16701|7426|8062|ESPUMANTES
5|Austria|0|0|0|0|0|0|0|0|0|0|0|0|0|0|0|0|0|0|0|0|0|0|0|0|0|0|0|0|0|0|0|0|0|0|0|0|0|0|756|0|0|0|180|720|698|0|0|0|1228|1269|909|90|ESPUMANTES
6|Bermudas|0|0|0|0|0|0|0|0|0|0|0|0|0|0|0|0|0|0|0|0|0|0|0|0|0|0|0|0|0|0|0|0|0|0|0|0|0|0|0|0|0|0|0|0|0|0|0|0|0|0|0|70|ESPUMANTES
7|Bahamas|0|0|0|0|0|0|0|0|0|0|0|0|0|0|0|0|0|0|0|0|0|0|0|0|0|0|0|0|0|0|0|0|0|0|0|0|0|0|0|0|0|0|0|0|0|73|60|519|169|0|0|0|ESPUMANTES
8|Bélgica|0|0|0|0|0|0|0|0|0|0|0|0|0|0|0|0|0|0|0|0|0|0|0|0|0|0|0|0|0|0|0|0|0|0|0|0|0|0|0|0|0|0|0|0|0|0|0|923|0|0|0|0|ESPUMANTES
9|Brasil|0|0|0|0|0|0|0|0|0|0|0|0|0|0|0|0|0|0|0|0|0|0|0|0|0|0|0|0|0|0|0|0|0|0|5357|9801|16225|4092|1072|0|468|6210|60601|10195|8606|6383|1014|6166|566215|15464|3491|548|ESPUMANTES
10|Bulgaria|0|0|0|0|0|0|0|0|0|0|0|0|0|0|0|0|0|0|0|0|0|0|0|0|0|0|0|0|0|0|0|0|0|0|0|0|0|0|0|0|0|0|0|0|222|4|0|3|0|0|0|0|ESPUMANTES
11|Canada|0|0|0|0|0|0|0|0|0|0|0|0|0|0|0|0|0|0|0|0|0|0|0|0|0|0|0|0|0|0|0|0|0|0|0|0|0|0|0|0|0|0|0|0|0|0|0|0|3852|0|0|0|ESPUMANTES
12|Chile|0|0|201|328|180|672|10980|630|45|0|861|18090|14865|900|4200|0|900|450|0|7449|540|10800|0|1560|4590|24237|26686|2565|7877|18020|11250|15695|6300|16200|25920|38290|29806|49400|84673|39533|68562|66639|137790|123026|133935|236342|117678|304391|316293|233064|253225|232948|ESPUMANTES
13|Croácia|0|0|0|0|0|0|0|0|0|0|0|0|0|0|0|0|0|0|0|0|0|0|0|0|0|0|0|0|0|0|0|0|0|0|0|0|0|0|0|0|0|0|0|0|0|225|0|0|0|0|0|0|ESPUMANTES
14|Cuba|0|0|0|0|0|0|0|0|0|0|0|0|0|0|0|0|0|0|0|0|0|0|0|0|0|0|0|0|0|0|0|0|0|0|0|0|0|0|0|0|0|0|0|0|0|29|0|0|0|0|0|0|ESPUMANTES
15|Emirados Arabes Unidos|0|0|0|0|0|0|0|0|0|0|0|0|0|0|0|0|0|0|0|0|0|0|0|0|0|0|0|0|0|0|0|0|0|0|0|0|0|0|0|0|0|0|0|0|8|104|2371|0|0|0|0|0|ESPUMANTES
16|Eslovênia|0|0|0|0|0|0|0|0|0|0|0|0|0|0|0|0|0|0|0|0|0|0|0|0|0|0|0|0|0|0|0|0|0|0|0|0|0|0|0|0|0|0|78|0|445|1058|2115|2093|1800|518|68|450|ESPUMANTES
17|Espanha|12981|7865|27461|40172|41971|54863|17299|31319|38780|44226|45842|25685|46249|17190|12824|19005|43920|35910|41070|58995|121856|92798|63633|172218|182952|269731|198872|259100|253355|251511|230327|713315|166433|164545|209973|213074|250377|254317|266955|388452|512539|831585|1054367|850428|925502|899587|864154|1493908|1515106|1440241|1421655|2016806|ESPUMANTES
18|Estados Unidos|0|0|0|0|0|0|0|0|0|0|0|0|0|0|0|0|0|0|0|0|0|0|0|0|0|0|0|0|0|0|0|0|990|1575|0|2808|1800|3240|12417|7119|11387|4553|15461|15698|27023|18519|12343|8408|26405|13239|13255|143|ESPUMANTES
19|França|18458|26523|35899|49453|83575|17770|16295|24584|51710|27554|13235|14555|13128|16253|11308|35317|37062|15550|32809|52601|32371|33945|15001|54501|209274|234968|272978|760944|779564|1158921|979713|182179|669778|965033|746383|931767|1096043|1079332|991608|1130768|1462949|1802575|1852431|1491052|1230946|1341884|1171383|1778528|3637804|1610293|1116188|1134059|ESPUMANTES
20|Grecia|0|0|0|0|0|0|0|0|0|0|0|0|0|0|0|0|0|0|0|0|0|0|0|0|0|0|0|0|0|0|0|0|0|0|0|0|0|0|0|0|0|0|0|113|329|577|0|156|0|230|0|92|ESPUMANTES
21|Hong Kong|0|0|0|0|0|0|0|0|0|0|0|0|0|0|0|0|0|0|0|0|0|0|0|0|0|0|0|0|0|0|0|0|0|0|0|0|0|0|0|0|0|0|2607|283|0|0|0|0|0|0|72|0|ESPUMANTES
22|Hungria|0|0|0|0|0|0|0|0|0|0|0|0|0|0|0|0|0|0|0|0|0|0|0|0|0|0|0|0|0|0|0|0|675|387|657|0|0|0|0|0|0|0|404|1020|518|0|1238|1624|1802|585|765|1142|ESPUMANTES
23|Indonesia|0|0|0|0|0|0|0|0|0|0|0|0|0|0|0|0|0|0|0|0|0|0|0|0|0|0|0|0|0|0|0|0|0|0|0|0|0|0|0|0|0|0|0|0|0|0|0|0|35|66|0|0|ESPUMANTES
24|Irlanda|0|0|0|0|0|0|0|0|0|0|0|0|0|0|0|0|0|0|0|0|0|0|0|0|0|0|0|0|0|0|0|0|0|0|0|0|0|0|0|0|0|0|0|0|0|391|0|0|0|0|0|0|ESPUMANTES
25|Israel|0|360|0|27|0|0|0|450|0|180|585|360|360|270|720|0|909|765|0|0|0|0|0|0|0|0|0|0|0|0|0|450|1152|1890|1935|4968|2250|5220|1350|0|1224|990|310|0|0|0|0|0|0|5035|296|0|ESPUMANTES
26|Itália|0|554|5054|5854|24637|22782|11917|19995|7119|16234|20932|17290|32542|9000|2430|12456|20355|16640|31077|26802|24120|35118|17241|132449|232676|230441|203645|162568|234227|498453|488816|1009289|1484899|1209558|1033793|1092021|1410249|1236636|1051675|693765|1079836|1137610|1123066|978230|1095148|1017420|1089617|3065767|2147490|1874314|1524542|1093108|ESPUMANTES
27|Luxemburgo|0|0|0|0|0|0|0|0|0|0|0|0|0|0|0|0|0|0|0|0|0|0|0|0|0|0|0|0|0|0|0|0|0|0|0|0|0|0|0|0|0|0|252|0|0|0|0|0|208|518|0|0|ESPUMANTES
28|Mexico|0|0|0|0|0|0|0|8122|0|0|0|0|0|0|4158|0|0|0|0|0|0|0|0|0|0|0|0|0|0|0|0|0|0|0|0|0|0|0|0|0|396|0|0|0|0|1154|0|0|95|133|0|0|ESPUMANTES
29|Nova Zelândia|0|0|0|0|0|0|0|0|0|0|0|0|0|0|0|0|0|0|0|0|0|0|0|0|0|0|0|0|0|0|0|0|0|0|0|0|0|0|315|630|720|135|270|180|450|135|0|0|0|72|0|0|ESPUMANTES
30|Paises Baixos|0|0|0|0|0|0|0|0|0|0|0|0|0|0|0|0|0|0|0|0|0|0|0|0|0|0|0|0|0|0|0|0|0|0|0|0|0|0|0|0|0|0|0|0|0|0|0|0|305|827|3412|0|ESPUMANTES
31|Panama|0|0|0|0|0|0|0|0|0|0|0|0|0|0|0|0|0|0|0|0|0|0|0|0|0|0|0|0|0|0|0|0|0|0|0|0|0|0|0|0|0|0|0|0|0|0|0|0|15057|0|0|0|ESPUMANTES
32|Peru|0|0|0|0|0|0|0|0|0|0|0|0|0|0|0|0|0|0|0|0|0|0|0|0|0|0|0|0|0|0|0|0|0|0|0|0|0|0|0|0|0|0|0|0|305|0|0|0|0|0|0|0|ESPUMANTES
33|Portugal|1603|2054|12768|30074|15886|2147|3972|931|11077|8967|4242|284778|242143|231759|126855|245613|436485|228933|225450|7740|9467|4185|4545|6870|17827|11745|14861|42736|4386|15501|12622|20653|14033|17170|30305|10588|35035|38385|62471|31170|74184|53756|77260|66552|60430|59472|88448|123786|128802|144296|102324|65238|ESPUMANTES
34|Reino Unido|0|0|0|0|0|0|0|0|0|0|0|0|0|0|0|0|0|0|0|0|0|0|0|0|0|0|0|0|0|0|0|0|0|0|0|0|0|0|0|0|0|0|0|0|0|467|0|350|3834|1320|2309|254|ESPUMANTES
35|Romenia|0|0|0|0|0|0|0|0|0|0|0|0|0|0|0|0|0|0|0|0|0|0|0|0|0|0|0|0|0|0|0|0|0|0|0|0|0|0|0|0|0|0|0|0|743|488|0|0|0|0|0|432|ESPUMANTES
36|Suíça|0|0|0|0|0|0|0|0|0|0|0|0|0|0|0|0|0|0|0|0|0|0|0|0|0|0|0|0|0|0|0|0|0|0|0|0|0|0|0|0|0|0|0|0|0|0|11|0|576|0|481|66|ESPUMANTES
37|Tunisia|0|0|0|0|0|0|0|0|0|0|0|0|0|0|0|0|0|0|0|0|0|0|0|0|0|0|0|0|0|0|0|0|0|0|0|0|0|0|0|0|0|870|1988|800|0|0|0|0|0|0|0|0|ESPUMANTES
38|Ucrânia|0|0|0|0|0|0|0|0|0|0|0|0|0|0|0|0|0|0|0|0|0|0|0|0|0|0|0|0|0|0|0|0|0|0|0|0|0|0|0|0|0|0|0|0|0|0|1739|0|0|0|0|0|ESPUMANTES
39|Uruguai|0|0|0|0|0|0|0|0|0|0|0|0|0|0|0|0|0|0|0|0|0|0|0|0|0|0|11813|8161|2430|0|1746|9417|887|1722|180|193|10755|7807|1755|900|5850|135|87|0|1068|1760|7880|1080|776|2241|2908|8947|ESPUMANTES
40|Não consta na tabela|0|0|0|0|0|0|0|0|0|0|0|0|0|0|0|0|0|0|0|0|0|0|0|0|0|0|3133|0|0|0|0|0|0|0|0|0|0|0|0|0|0|0|0|0|0|0|0|0|0|0|0|0|ESPUMANTES
41|Não declarados|0|0|0|0|0|0|0|0|0|0|0|0|0|0|0|0|0|0|0|0|0|0|0|0|0|0|140|0|0|0|0|0|0|0|0|0|0|0|0|0|0|0|0|0|0|0|0|0|0|0|0|0|ESPUMANTES
42|Outros|291|3772|576|24|1801|13096|20|0|0|0|0|6075|1350|1188|1080|450|2934|0|1800|0|1170|3935|688|3902|8979|20108|8771|6414|2720|2117|2575|450|0|0|0|1043|7389|7338|0|972|0|0|0|0|0|0|0|0|0|0|0|0|ESPUMANTES
1|Argélia|0|0|0|0|0|0|0|0|0|0|0|0|0|0|0|0|0|0|0|0|0|0|0|0|0|0|0|0|0|0|0|0|0|0|0|0|0|0|0|0|0|0|0|0|0|0|0|0|0|0|21746|0|UVAS FRESCAS
2|Argentina|2412831|1805310|1965010|396840|1179250|527100|1219700|1974174|1998590|490090|276000|241000|1004840|1394060|251900|208150|267240|773500|2861962|5466862|6901560|4050739|1836310|972100|1477530|4102859|4952178|3570021|2400369|1616655|740793|1228557|4140804|3475542|3344442|3357125|5891839|8236176|8941022|7453027|11559264|13438557|8714800|5810559|2758211|3569873|3931377|2097970|1616855|3211513|1798220|1356735|UVAS FRESCAS
3|Brasil|0|0|0|0|0|0|0|0|0|0|0|0|0|0|0|0|0|0|0|0|0|0|0|0|0|0|0|0|0|0|0|0|0|0|0|0|0|0|0|0|0|0|14612|0|0|0|0|0|0|0|0|0|UVAS FRESCAS
4|Chile|1557316|1485897|1680664|2472710|2154407|2276355|3120369|2802160|3320968|3032695|1334991|1423377|1999116|1217488|880497|598037|1757520|1812678|2507118|6876507|7022798|7895955|2757676|3187970|5195415|17084555|51322639|17258803|23168025|6754643|8938298|6098723|6816565|4110431|2704764|4926533|5835551|7122019|3479598|10846054|11806542|18620819|22385291|24392313|25952434|24254096|18424582|18510455|16103415|9082957|4943446|3888723|UVAS FRESCAS
5|Colômbia|0|3312|0|63645|131888|300449|292849|476525|208954|250150|65176|45880|99070|53450|4500|0|0|0|0|0|110770|39800|0|0|0|0|0|0|0|0|0|0|0|0|0|0|0|0|0|0|0|0|0|0|0|0|0|0|0|0|0|0|UVAS FRESCAS
6|Espanha|1231522|1371457|617898|447401|440559|116765|0|0|0|70000|0|0|0|0|60000|0|0|0|0|0|0|0|0|0|0|0|0|17000|66600|74760|103344|81774|32664|0|7682|102471|315141|111689|30350|124345|212463|993310|393387|246827|401281|145066|431567|243947|83212|51079|0|0|UVAS FRESCAS
7|Estados Unidos|94669|12403|17250|119095|59064|49955|19778|29160|15370|35014|167893|19523|5060|9240|6490|5400|10800|19400|28800|43781|646956|136642|134098|333284|1570874|2395752|2439010|2159867|829630|104374|119829|47841|13416|26458|14655|1224|43696|79849|91055|120861|89492|3265|32458|80518|50811|16504|3522|2164|15100|1343|0|0|UVAS FRESCAS
8|Grécia|126248|74700|58500|90000|0|0|0|0|0|0|0|90000|0|0|0|0|0|0|0|0|0|0|0|0|0|0|0|0|0|0|0|0|0|0|0|0|0|0|0|0|0|0|0|0|0|0|0|0|0|0|0|0|UVAS FRESCAS
9|Itália|0|9960|0|0|0|0|0|0|0|0|0|0|0|0|0|0|0|0|0|0|0|0|0|0|0|0|0|0|0|0|0|0|0|0|0|0|15750|0|0|14439|190141|552911|1154322|1073920|1228338|1053083|589675|788663|334544|591991|0|0|UVAS FRESCAS
10|México|23240|12000|0|2500|0|0|0|0|0|59980|0|0|0|0|0|0|0|0|0|0|0|0|0|0|0|4504|0|0|0|37170|0|0|0|0|0|0|0|0|16656|31200|432639|233856|173184|298656|184747|133608|0|0|0|0|0|0|UVAS FRESCAS
11|Peru|0|0|0|0|0|0|0|0|1500|0|3500|0|0|0|0|0|0|0|0|0|0|0|0|0|0|0|0|0|0|1700|0|0|0|0|0|0|0|0|0|75550|504154|240389|426468|728022|3184984|2645931|4399499|2553897|947045|1585923|487080|75768|UVAS FRESCAS
12|Paraguai|0|0|0|0|0|0|0|0|0|0|0|0|0|0|0|0|0|0|0|0|0|0|50004|0|100000|0|4723|0|0|0|0|0|0|0|0|0|0|0|0|0|0|0|0|0|0|0|0|0|0|0|0|0|UVAS FRESCAS
13|Portugal|28150|800|1000|0|0|0|0|0|0|0|0|0|0|0|0|0|0|0|0|0|0|0|0|0|0|0|0|8500|0|0|0|0|0|0|0|0|0|0|6640|0|0|0|0|0|0|0|0|0|0|0|0|0|UVAS FRESCAS
14|Panamá|0|0|50|0|0|0|0|0|0|0|0|0|0|0|0|0|0|0|0|0|0|0|0|0|0|0|0|0|0|0|0|0|0|0|0|0|0|0|0|0|0|0|0|0|0|0|0|0|0|0|0|0|UVAS FRESCAS
15|Reino Unido|0|0|120|0|0|0|0|0|0|0|0|0|0|0|0|0|0|0|0|0|0|0|0|0|0|0|0|0|0|0|0|0|0|0|0|0|0|0|0|0|0|0|0|0|0|0|0|0|0|0|0|0|UVAS FRESCAS
16|Uruguai|0|0|0|6300|0|0|0|0|0|0|0|0|0|0|0|0|0|0|0|1050000|0|8627|7949|1000|3400|16500|23660|26816|25328|9296|1080|0|0|0|0|0|3600|0|0|0|0|0|0|0|0|0|0|0|0|0|0|0|UVAS FRESCAS
17|Venezuela|0|400|3357|4672|4006|12734|500|0|0|0|0|0|0|0|0|0|0|0|0|0|0|0|0|750|36940|284005|57195|18967|2115|0|0|0|0|0|0|0|0|0|0|0|0|0|0|0|0|0|0|0|0|0|0|0|UVAS FRESCAS
18|Não consta na tabela|0|0|0|0|0|0|0|0|0|0|0|0|0|0|0|0|0|0|0|0|0|0|0|0|0|0|17722|0|0|0|0|0|0|0|0|0|0|0|0|0|0|0|0|0|0|0|0|0|0|0|0|0|UVAS FRESCAS
19|Outros|0|0|0|0|0|0|0|0|0|0|0|0|0|0|0|0|0|0|0|0|0|0|0|13716|0|3616|79|162376|0|0|0|0|0|0|0|0|0|0|0|0|0|0|0|0|0|0|0|0|0|0|0|0|UVAS FRESCAS
1|Afeganistão|0|0|0|0|0|0|0|0|0|0|0|0|0|0|0|0|0|0|0|0|0|0|0|0|0|0|0|0|0|0|0|0|0|0|0|0|0|0|0|0|18000|400000|0|18000|456000|125000|0|0|0|40000|0|0|UVAS PASSAS
2|África do Sul|0|0|0|0|0|72000|0|0|0|0|0|0|0|0|0|0|0|0|0|0|0|0|0|0|0|0|0|15253|178585|66912|35617|152070|88885|59000|0|17940|19000|99500|641051|195000|700846|184250|986750|0|2220275|1418063|617500|370500|1089700|270875|616688|327000|UVAS PASSAS
3|Alemanha, República Democrática|0|0|3000|0|0|29988|0|0|0|0|0|0|0|0|0|0|0|0|0|0|0|0|0|0|3|12|29|95005|143|0|0|0|0|0|0|0|0|0|0|0|0|0|0|0|0|0|0|0|0|0|0|0|UVAS PASSAS
4|Arábia Saudita|0|0|0|0|0|0|0|0|0|0|0|0|0|0|0|0|0|0|0|0|0|0|0|0|0|0|0|0|0|0|0|0|0|18000|0|0|0|0|0|0|0|0|0|0|0|0|0|0|0|0|0|0|UVAS PASSAS
5|Argentina|1530058|1206326|1047482|1277380|1004987|1583972|2731566|2549687|2385266|1527094|1586137|1558200|1875664|2238826|1662475|1519220|2116776|3011500|7894789|6392930|3758190|4726726|3061443|1772727|4433113|4172453|7103048|5673231|4237403|3438508|3367629|2634368|10502997|6449180|12287672|10271403|11555010|15203133|15641645|17209323|17279688|20533473|19728826|20571302|14681136|20905602|23280908|19742996|23564519|24135143|24992502|24015825|UVAS PASSAS
6|Austrália|0|0|89025|0|88754|66750|0|0|0|0|0|0|0|0|0|0|0|0|0|0|0|0|0|0|0|0|0|0|0|0|0|0|0|0|0|0|0|0|0|0|0|0|0|0|0|0|0|0|0|0|0|0|UVAS PASSAS
7|Bélgica|0|0|0|0|0|0|0|0|0|0|0|0|0|0|0|0|0|0|0|0|0|0|0|0|0|0|0|0|0|0|0|102625|20750|187450|41500|0|0|0|0|0|0|0|0|0|0|0|0|0|0|0|0|0|UVAS PASSAS
8|Chile|4000|0|0|59747|0|555818|582102|670742|756026|1088002|484040|327662|961997|1258680|1100570|1730970|2792410|2810680|2747990|5592520|3431648|5372062|3149429|4604409|6568978|32331682|6036433|3882680|4033736|3853245|4909468|3223998|1108017|6011522|933010|534750|3847300|1239130|2075850|4498510|814720|1127280|2046530|453310|2615382|747700|365670|483305|127231|384437|286774|225630|UVAS PASSAS
9|China|0|0|0|0|0|0|0|0|0|0|0|0|0|0|0|0|0|0|0|0|0|0|0|0|0|0|0|0|0|0|0|0|0|0|0|0|0|0|0|0|0|0|0|0|0|0|0|0|0|0|172000|110|UVAS PASSAS
10|China Continental|0|0|0|25000|0|0|0|0|0|0|0|0|0|0|0|0|0|0|0|0|0|0|0|0|0|41|0|0|0|0|0|0|0|0|0|0|0|148000|0|0|19000|19200|63000|100027|98050|0|0|53000|224165|934000|0|0|UVAS PASSAS
11|Cingapura|0|0|0|0|0|0|0|0|0|0|0|0|0|0|0|0|0|0|0|0|0|0|0|0|0|0|0|0|0|0|0|0|0|0|0|0|0|0|0|0|0|38150|0|40000|0|0|0|0|0|0|0|0|UVAS PASSAS
12|Emirados|0|0|0|0|0|0|0|0|0|0|0|0|0|0|0|0|0|0|0|0|0|0|196800|0|36000|49580|31250|89820|17420|0|17500|36000|18000|271970|329470|489760|182745|0|124510|39000|20000|35460|19000|240800|100000|40000|0|0|0|0|0|0|UVAS PASSAS
13|Espanha|20000|15000|57208|144000|9500|7500|2000|0|3000|1680|0|0|0|0|0|0|0|0|0|0|0|0|0|0|0|3222|338|6000|6004|288|303|0|0|0|0|0|0|0|0|0|0|0|0|0|0|0|0|0|0|1|0|0|UVAS PASSAS
14|Estados Unidos|415210|429346|411443|538195|953941|494268|25285|171998|102285|53591|148029|126804|140722|329134|128745|157087|672895|117167|161093|196634|167980|135629|320890|772669|832061|643784|732591|1397848|1306508|514513|573211|487549|427744|504069|470966|448370|493921|370796|448157|347316|526225|391515|512716|538319|369887|350138|236134|257670|42859|90132|105360|109043|UVAS PASSAS
15|França|0|0|0|0|0|0|0|0|0|0|0|0|0|0|0|0|0|0|0|0|0|0|0|0|0|20|49|0|19510|0|0|0|0|0|0|0|0|0|0|0|0|0|1474|720|1600|658|0|0|0|0|0|0|UVAS PASSAS
16|Grécia|178475|302825|369763|132420|139103|28335|0|20000|12500|25000|25000|0|0|0|0|0|0|0|0|0|0|0|154975|54000|81012|21220|19000|459500|138000|91000|0|0|0|0|0|0|0|0|0|0|0|4095|0|0|10000|0|4000|1950|1600|0|0|0|UVAS PASSAS
17|Guiana Britânica|334|0|0|0|0|0|0|0|0|0|0|0|0|0|0|0|0|0|0|0|0|0|0|0|0|0|0|0|0|0|0|0|0|0|0|0|0|0|0|0|0|0|0|0|0|0|0|0|0|0|0|0|UVAS PASSAS
18|Índia|0|0|0|0|0|0|0|0|0|0|0|0|0|0|0|0|0|0|0|0|0|0|0|0|0|0|0|0|0|0|0|0|0|0|0|0|0|0|0|128000|0|0|166862|36000|247000|57000|162000|397130|736700|481000|883000|577250|UVAS PASSAS
19|Irã|0|0|0|0|0|5|0|0|0|0|0|0|0|0|0|0|0|0|0|0|0|18500|17800|586390|1013544|369269|34000|226480|16500|1128400|700130|1353836|528875|592175|929370|893890|1337820|1040345|1089540|112460|4112310|533570|306700|1415828|942500|184500|493000|1194500|340000|646000|435600|514700|UVAS PASSAS
20|Itália|33600|27860|70000|59136|69650|150000|0|0|0|0|0|0|0|0|0|0|0|0|0|0|0|0|0|0|0|0|0|40320|0|0|0|0|0|0|0|0|0|2075|1250|0|0|10|0|0|0|0|0|0|0|0|0|0|UVAS PASSAS
21|Japão|0|7221|0|0|0|0|0|0|0|0|0|0|0|0|0|0|0|0|0|0|0|0|0|0|0|0|0|0|0|0|0|0|0|0|0|0|0|0|0|0|0|0|0|0|0|0|0|0|0|0|0|0|UVAS PASSAS
22|México|170172|209257|150827|28906|40000|234900|172500|686190|778330|1126710|1336070|1228260|1214593|1485417|520390|1194306|1164262|1180260|194910|585700|420100|353640|251100|637474|351600|749518|269500|183000|156160|96000|17500|0|0|0|0|0|0|0|0|0|0|0|0|0|0|0|0|0|0|0|0|0|UVAS PASSAS
23|Países Baixos|104|0|0|0|0|0|12000|0|0|0|0|0|0|0|0|0|0|0|0|0|0|0|0|0|0|0|0|0|0|0|0|0|0|0|0|0|0|0|0|0|0|0|0|0|0|0|0|0|0|0|0|0|UVAS PASSAS
24|Paraguai|0|0|0|0|0|20000|0|0|0|0|0|0|0|0|0|0|0|0|0|0|0|0|0|0|22000|0|0|0|0|0|0|0|0|0|0|0|0|0|0|0|0|0|0|0|0|0|0|0|0|0|0|0|UVAS PASSAS
25|Peru|0|0|0|0|0|0|0|0|0|0|0|0|0|0|0|0|0|0|0|0|0|0|0|0|0|0|0|0|0|0|0|0|0|0|0|0|0|0|0|0|0|0|0|0|0|0|0|10|0|0|0|0|UVAS PASSAS
26|Portugal|0|0|0|0|0|0|0|0|0|0|0|0|0|0|0|0|0|0|0|0|0|0|0|0|0|0|0|0|0|0|0|0|0|0|0|0|0|0|0|0|0|13|0|0|0|250|0|0|0|0|0|0|UVAS PASSAS
27|Reino Unido|39|211|276|0|0|0|0|0|0|0|0|0|0|0|0|0|0|0|0|0|0|0|0|0|0|0|0|0|0|0|0|0|0|0|0|0|0|0|0|0|0|0|0|0|10|25|21|66|20|11|0|0|UVAS PASSAS
28|Suécia|12000|0|0|0|0|0|0|0|0|0|0|0|0|0|0|0|0|0|0|0|0|0|0|0|0|0|0|0|0|0|0|0|0|0|0|0|0|0|0|0|0|0|0|0|0|0|0|0|0|0|0|0|UVAS PASSAS
29|Turquia|124832|306025|556402|324242|116338|7000|0|0|0|0|7000|0|58996|0|85288|60120|1102260|189140|1000|55300|4900|36800|435600|593460|975130|158550|615150|4342570|5336758|6792500|5268800|8413300|987370|913290|1666888|2914500|2300140|792250|124100|126600|2428575|987310|709785|0|1981070|1006000|2386092|2834805|262616|427590|607780|186000|UVAS PASSAS
30|Uruguai|0|0|0|0|0|0|0|0|0|0|0|0|0|0|0|0|0|0|0|0|0|0|0|0|0|0|0|0|0|0|0|0|75000|16800|0|0|0|0|0|0|0|0|0|0|0|0|0|0|0|0|25000|0|UVAS PASSAS
31|Uzbequistão|0|0|0|0|0|0|0|0|0|0|0|0|0|0|0|0|0|0|0|0|0|0|0|0|0|0|0|0|0|0|0|0|0|0|0|26000|40000|0|0|0|0|40000|71900|0|0|0|0|0|0|399630|397030|0|UVAS PASSAS
32|Venezuela|0|0|0|256|561|2240|270|0|0|0|0|0|0|0|0|0|0|0|0|0|0|0|0|1000|130|3015|1210|750|40|0|0|0|0|0|0|0|0|0|0|0|0|0|0|0|0|0|0|0|0|0|0|0|UVAS PASSAS
33|Não consta na tabela|0|0|0|0|0|0|0|0|0|0|0|0|0|0|0|0|0|0|0|0|0|0|0|0|0|0|2|0|0|0|0|0|0|0|0|0|0|0|0|0|0|0|0|0|0|0|0|0|0|0|0|0|UVAS PASSAS
34|Outros|0|0|0|0|0|0|0|0|0|0|0|0|0|0|0|0|0|0|0|0|0|0|0|51|102|40054|75|5475|0|35150|38375|3967|0|0|0|0|0|0|0|0|0|0|0|0|0|0|0|0|0|0|0|0|UVAS PASSAS
1|Afeganistão|0|0|0|0|0|0|0|0|0|0|0|0|0|0|0|0|0|0|0|0|0|0|0|0|0|0|0|0|0|0|0|0|0|0|0|0|0|0|0|0|18000|400000|0|18000|456000|125000|0|0|0|40000|0|0|SUCO DE UVA
2|África do Sul|0|0|0|0|0|72000|0|0|0|0|0|0|0|0|0|0|0|0|0|0|0|0|0|0|0|0|0|15253|178585|66912|35617|152070|88885|59000|0|17940|19000|99500|641051|195000|700846|184250|986750|0|2220275|1418063|617500|370500|1089700|270875|616688|327000|SUCO DE UVA
3|Alemanha, República Democrática|0|0|3000|0|0|29988|0|0|0|0|0|0|0|0|0|0|0|0|0|0|0|0|0|0|3|12|29|95005|143|0|0|0|0|0|0|0|0|0|0|0|0|0|0|0|0|0|0|0|0|0|0|0|SUCO DE UVA
4|Arábia Saudita|0|0|0|0|0|0|0|0|0|0|0|0|0|0|0|0|0|0|0|0|0|0|0|0|0|0|0|0|0|0|0|0|0|18000|0|0|0|0|0|0|0|0|0|0|0|0|0|0|0|0|0|0|SUCO DE UVA
5|Argentina|1530058|1206326|1047482|1277380|1004987|1583972|2731566|2549687|2385266|1527094|1586137|1558200|1875664|2238826|1662475|1519220|2116776|3011500|7894789|6392930|3758190|4726726|3061443|1772727|4433113|4172453|7103048|5673231|4237403|3438508|3367629|2634368|10502997|6449180|12287672|10271403|11555010|15203133|15641645|17209323|17279688|20533473|19728826|20571302|14681136|20905602|23280908|19742996|23564519|24135143|24992502|24015825|SUCO DE UVA
6|Austrália|0|0|89025|0|88754|66750|0|0|0|0|0|0|0|0|0|0|0|0|0|0|0|0|0|0|0|0|0|0|0|0|0|0|0|0|0|0|0|0|0|0|0|0|0|0|0|0|0|0|0|0|0|0|SUCO DE UVA
7|Bélgica|0|0|0|0|0|0|0|0|0|0|0|0|0|0|0|0|0|0|0|0|0|0|0|0|0|0|0|0|0|0|0|102625|20750|187450|41500|0|0|0|0|0|0|0|0|0|0|0|0|0|0|0|0|0|SUCO DE UVA
8|Chile|4000|0|0|59747|0|555818|582102|670742|756026|1088002|484040|327662|961997|1258680|1100570|1730970|2792410|2810680|2747990|5592520|3431648|5372062|3149429|4604409|6568978|32331682|6036433|3882680|4033736|3853245|4909468|3223998|1108017|6011522|933010|534750|3847300|1239130|2075850|4498510|814720|1127280|2046530|453310|2615382|747700|365670|483305|127231|384437|286774|225630|SUCO DE UVA
9|China|0|0|0|0|0|0|0|0|0|0|0|0|0|0|0|0|0|0|0|0|0|0|0|0|0|0|0|0|0|0|0|0|0|0|0|0|0|0|0|0|0|0|0|0|0|0|0|0|0|0|172000|110|SUCO DE UVA
10|China Continental|0|0|0|25000|0|0|0|0|0|0|0|0|0|0|0|0|0|0|0|0|0|0|0|0|0|41|0|0|0|0|0|0|0|0|0|0|0|148000|0|0|19000|19200|63000|100027|98050|0|0|53000|224165|934000|0|0|SUCO DE UVA
11|Cingapura|0|0|0|0|0|0|0|0|0|0|0|0|0|0|0|0|0|0|0|0|0|0|0|0|0|0|0|0|0|0|0|0|0|0|0|0|0|0|0|0|0|38150|0|40000|0|0|0|0|0|0|0|0|SUCO DE UVA
12|Emirados|0|0|0|0|0|0|0|0|0|0|0|0|0|0|0|0|0|0|0|0|0|0|196800|0|36000|49580|31250|89820|17420|0|17500|36000|18000|271970|329470|489760|182745|0|124510|39000|20000|35460|19000|240800|100000|40000|0|0|0|0|0|0|SUCO DE UVA
13|Espanha|20000|15000|57208|144000|9500|7500|2000|0|3000|1680|0|0|0|0|0|0|0|0|0|0|0|0|0|0|0|3222|338|6000|6004|288|303|0|0|0|0|0|0|0|0|0|0|0|0|0|0|0|0|0|0|1|0|0|SUCO DE UVA
14|Estados Unidos|415210|429346|411443|538195|953941|494268|25285|171998|102285|53591|148029|126804|140722|329134|128745|157087|672895|117167|161093|196634|167980|135629|320890|772669|832061|643784|732591|1397848|1306508|514513|573211|487549|427744|504069|470966|448370|493921|370796|448157|347316|526225|391515|512716|538319|369887|350138|236134|257670|42859|90132|105360|109043|SUCO DE UVA
15|França|0|0|0|0|0|0|0|0|0|0|0|0|0|0|0|0|0|0|0|0|0|0|0|0|0|20|49|0|19510|0|0|0|0|0|0|0|0|0|0|0|0|0|1474|720|1600|658|0|0|0|0|0|0|SUCO DE UVA
16|Grécia|178475|302825|369763|132420|139103|28335|0|20000|12500|25000|25000|0|0|0|0|0|0|0|0|0|0|0|154975|54000|81012|21220|19000|459500|138000|91000|0|0|0|0|0|0|0|0|0|0|0|4095|0|0|10000|0|4000|1950|1600|0|0|0|SUCO DE UVA
17|Guiana Britânica|334|0|0|0|0|0|0|0|0|0|0|0|0|0|0|0|0|0|0|0|0|0|0|0|0|0|0|0|0|0|0|0|0|0|0|0|0|0|0|0|0|0|0|0|0|0|0|0|0|0|0|0|SUCO DE UVA
18|Índia|0|0|0|0|0|0|0|0|0|0|0|0|0|0|0|0|0|0|0|0|0|0|0|0|0|0|0|0|0|0|0|0|0|0|0|0|0|0|0|128000|0|0|166862|36000|247000|57000|162000|397130|736700|481000|883000|577250|SUCO DE UVA
19|Irã|0|0|0|0|0|5|0|0|0|0|0|0|0|0|0|0|0|0|0|0|0|18500|17800|586390|1013544|369269|34000|226480|16500|1128400|700130|1353836|528875|592175|929370|893890|1337820|1040345|1089540|112460|4112310|533570|306700|1415828|942500|184500|493000|1194500|340000|646000|435600|514700|SUCO DE UVA
20|Itália|33600|27860|70000|59136|69650|150000|0|0|0|0|0|0|0|0|0|0|0|0|0|0|0|0|0|0|0|0|0|40320|0|0|0|0|0|0|0|0|0|2075|1250|0|0|10|0|0|0|0|0|0|0|0|0|0|SUCO DE UVA
21|Japão|0|7221|0|0|0|0|0|0|0|0|0|0|0|0|0|0|0|0|0|0|0|0|0|0|0|0|0|0|0|0|0|0|0|0|0|0|0|0|0|0|0|0|0|0|0|0|0|0|0|0|0|0|SUCO DE UVA
22|México|170172|209257|150827|28906|40000|234900|172500|686190|778330|1126710|1336070|1228260|1214593|1485417|520390|1194306|1164262|1180260|194910|585700|420100|353640|251100|637474|351600|749518|269500|183000|156160|96000|17500|0|0|0|0|0|0|0|0|0|0|0|0|0|0|0|0|0|0|0|0|0|SUCO DE UVA
23|Países Baixos|104|0|0|0|0|0|12000|0|0|0|0|0|0|0|0|0|0|0|0|0|0|0|0|0|0|0|0|0|0|0|0|0|0|0|0|0|0|0|0|0|0|0|0|0|0|0|0|0|0|0|0|0|SUCO DE UVA
24|Paraguai|0|0|0|0|0|20000|0|0|0|0|0|0|0|0|0|0|0|0|0|0|0|0|0|0|22000|0|0|0|0|0|0|0|0|0|0|0|0|0|0|0|0|0|0|0|0|0|0|0|0|0|0|0|SUCO DE UVA
25|Peru|0|0|0|0|0|0|0|0|0|0|0|0|0|0|0|0|0|0|0|0|0|0|0|0|0|0|0|0|0|0|0|0|0|0|0|0|0|0|0|0|0|0|0|0|0|0|0|10|0|0|0|0|SUCO DE UVA
26|Portugal|0|0|0|0|0|0|0|0|0|0|0|0|0|0|0|0|0|0|0|0|0|0|0|0|0|0|0|0|0|0|0|0|0|0|0|0|0|0|0|0|0|13|0|0|0|250|0|0|0|0|0|0|SUCO DE UVA
27|Reino Unido|39|211|276|0|0|0|0|0|0|0|0|0|0|0|0|0|0|0|0|0|0|0|0|0|0|0|0|0|0|0|0|0|0|0|0|0|0|0|0|0|0|0|0|0|10|25|21|66|20|11|0|0|SUCO DE UVA
28|Suécia|12000|0|0|0|0|0|0|0|0|0|0|0|0|0|0|0|0|0|0|0|0|0|0|0|0|0|0|0|0|0|0|0|0|0|0|0|0|0|0|0|0|0|0|0|0|0|0|0|0|0|0|0|SUCO DE UVA
29|Turquia|124832|306025|556402|324242|116338|7000|0|0|0|0|7000|0|58996|0|85288|60120|1102260|189140|1000|55300|4900|36800|435600|593460|975130|158550|615150|4342570|5336758|6792500|5268800|8413300|987370|913290|1666888|2914500|2300140|792250|124100|126600|2428575|987310|709785|0|1981070|1006000|2386092|2834805|262616|427590|607780|186000|SUCO DE UVA
30|Uruguai|0|0|0|0|0|0|0|0|0|0|0|0|0|0|0|0|0|0|0|0|0|0|0|0|0|0|0|0|0|0|0|0|75000|16800|0|0|0|0|0|0|0|0|0|0|0|0|0|0|0|0|25000|0|SUCO DE UVA
31|Uzbequistão|0|0|0|0|0|0|0|0|0|0|0|0|0|0|0|0|0|0|0|0|0|0|0|0|0|0|0|0|0|0|0|0|0|0|0|26000|40000|0|0|0|0|40000|71900|0|0|0|0|0|0|399630|397030|0|SUCO DE UVA
32|Venezuela|0|0|0|256|561|2240|270|0|0|0|0|0|0|0|0|0|0|0|0|0|0|0|0|1000|130|3015|1210|750|40|0|0|0|0|0|0|0|0|0|0|0|0|0|0|0|0|0|0|0|0|0|0|0|SUCO DE UVA
33|Não consta na tabela|0|0|0|0|0|0|0|0|0|0|0|0|0|0|0|0|0|0|0|0|0|0|0|0|0|0|2|0|0|0|0|0|0|0|0|0|0|0|0|0|0|0|0|0|0|0|0|0|0|0|0|0|SUCO DE UVA
34|Outros|0|0|0|0|0|0|0|0|0|0|0|0|0|0|0|0|0|0|0|0|0|0|0|51|102|40054|75|5475|0|35150|38375|3967|0|0|0|0|0|0|0|0|0|0|0|0|0|0|0|0|0|0|0|0|SUCO DE UVA
