index|VINHO|1970|1971|1972|1973|1974|1975|1976|1977|1978|1979|1980|1981|1982|1983|1984|1985|1986|1987|1988|1989|1990|1991|1992|1993|1994|1995|1996|1997|1998|1999|2000|2001|2002|2003|2004|2005|2006|2007|2008|2009|2010|2011|2012|2013|2014|2015|2016|2017|2018|2019|2020|2021|TIPO
1|Alicante Bouschet|0|0|0|0|0|0|0|0|0|0|0|0|0|0|3226|6807|6677|16210|8203|46923|46983|0|0|54266|6525|66194|65322|67471|64396|102174|160318|160966|216461|320853|626500|1076865|1078887|1775837|1588326|1652912|849263|2130579|2098824|1524728|1456305|1519576|908841|2040198|2103844|nd|2272985|811140|TINTAS
2|Ancelota|0|0|0|0|0|0|0|0|0|0|0|0|0|0|0|0|0|0|0|0|0|0|0|0|0|0|0|0|0|0|26088|47013|64318|218623|604797|861431|872741|1532209|1709883|1370728|853718|1346552|1274677|1137943|937844|773526|179028|733907|492106|nd|481402|6513974|TINTAS
3|Aramon|0|0|0|0|0|0|0|0|0|0|0|0|0|0|0|37384|0|0|0|0|0|0|0|0|0|0|0|0|0|0|0|0|0|0|0|0|0|0|0|0|0|0|0|0|0|0|0|0|0|nd|0|0|TINTAS
4|Alfrocheiro|0|0|0|0|0|0|0|0|0|0|0|0|0|0|0|0|0|0|0|0|0|0|0|0|0|0|0|0|0|0|0|0|0|0|13986|19473|43396|20509|25310|31168|0|4320|0|0|0|0|0|0|0|nd|0|0|TINTAS
5|Arinarnoa|0|0|0|0|0|0|0|0|0|0|0|0|0|0|0|0|0|0|0|0|0|0|0|0|0|0|0|0|0|0|0|0|0|0|0|7394|11480|24878|12686|39607|35790|49376|81026|65001|56666|61817|17691|69757|44775|nd|90860|2785609|TINTAS
6|Aspirant Bouschet|0|0|0|0|0|0|0|0|0|0|0|0|0|0|0|0|0|0|0|0|0|0|0|0|0|0|0|0|0|0|0|0|0|0|0|0|0|0|0|0|0|2258|7448|3650|7091|8859|12901|18086|12830|nd|34513|15691137|TINTAS
7|Barbera|4548313|3971627|4035482|3152247|8334170|9017873|7406493|9426011|7621931|8756427|6230235|9078325|11552200|7521496|5947760|7290172|3553090|2845387|4447914|3414379|2587150|1449146|1703396|999104|978852|559435|594591|342488|183269|149019|397479|142690|107641|87309|104139|92672|57116|68946|92279|70932|26044|76397|47549|40630|19514|19980|14738|24218|21863|nd|12349|437640|TINTAS
8|Bonarda|1631610|1868929|1875069|885582|1888558|2564146|2280229|2963398|2237040|2396836|1120992|2516029|2210953|1502343|1164038|1754291|877037|658716|639841|657726|586098|236195|400909|237867|282711|139404|146851|51131|33225|88710|67152|47406|22983|18445|24322|21021|3843|6207|7640|2320|0|250|1114|0|0|0|0|0|0|nd|0|3110|TINTAS
9|Cabernet Franc|238837|324924|572871|1360672|2909343|4262538|4813859|6615376|5575835|6800089|5152023|8414657|8730177|7437092|7286708|10342293|6403968|6616589|9129403|7962486|7568645|4935095|5462304|4447660|4788430|4284749|4341461|3420121|2588929|2910807|4419829|2989553|2856507|3022334|3855570|3869854|3285083|4081725|4008067|3365865|2125997|2741150|2594675|2452229|1894496|1981004|820996|2116893|1524191|nd|1506219|16626545|TINTAS
10|Cabernet Sauvignon|0|0|0|0|0|0|0|0|0|0|0|0|0|7700|46979|149527|539711|827942|1980401|2750321|2951138|3028297|3867213|4918761|5219793|4169965|3993137|4936654|3564802|4490054|4591561|3833890|4752282|6043710|10980458|12821241|12063009|14489153|16646632|13229864|6617553|13039126|11355820|10651084|8556337|7426634|3877852|7242258|6004627|nd|5889427|1857999|TINTAS
11|Caladoc|0|0|0|0|0|0|0|0|0|0|0|0|0|0|0|0|0|0|0|0|0|0|0|0|0|0|0|0|0|0|0|0|0|0|0|0|240|1100|0|0|0|0|0|2480|3300|4000|2180|8500|4740|nd|5230|108600|TINTAS
12|Campanario|0|0|0|0|0|0|0|0|0|0|0|0|0|0|910|1660|845|1090|2900|1920|0|0|0|0|0|0|17045|0|0|0|0|0|0|0|0|0|0|0|0|0|0|0|0|0|0|0|0|0|0|nd|0|0|TINTAS
13|Canaiolo|596766|607921|552841|257854|372657|730961|300405|467572|423578|987080|475017|701411|812569|403013|345227|455665|271645|139047|266265|182381|131742|218689|222229|35348|29646|16364|11404|2095|1354|1961|4927|47142|500|170|2299|0|0|0|0|0|0|0|0|0|0|0|0|0|0|nd|0|0|TINTAS
14|Carignan|0|11796|7537|5693|4535|0|0|0|3231|2621|0|0|406|463|546|1733|1508|359|128366|0|0|48657|0|0|15582|5784|10777|176|0|0|0|20838|0|0|0|0|0|0|0|0|0|0|0|0|0|0|0|0|0|nd|0|0|TINTAS
15|Carmenere|1235|18288|22154|4150|33114|54120|35879|96442|149018|100811|70779|132650|102813|19499|123660|89699|61422|41224|35458|15236|55499|23812|8743|3393|1748|10722|878|11115|10100|15050|26460|4120|49380|131949|265819|386202|234940|328254|223269|130269|85264|50125|48990|44414|66632|134180|87402|69275|241808|nd|184268|76625|TINTAS
16|Castelão|0|0|0|0|0|0|0|0|0|0|0|0|0|0|0|0|0|0|0|0|0|0|0|0|0|0|0|0|0|0|0|0|0|0|468|494|494|487|23252|16240|16230|26790|0|0|0|0|0|0|0|nd|0|0|TINTAS
17|Corvina|0|0|0|0|0|0|0|0|0|0|0|0|0|0|0|0|0|0|0|0|0|0|0|0|0|0|0|0|0|0|0|0|0|0|0|0|0|0|710|680|100|1110|1200|1382|1406|1397|419|1890|0|nd|2220|69910|TINTAS
18|Croatina|0|0|0|0|0|0|0|0|0|0|0|0|0|0|0|0|0|0|0|0|0|0|0|0|0|0|0|0|0|0|0|0|0|0|800|760|3012|4700|0|0|0|0|0|0|0|0|0|0|0|nd|0|0|TINTAS
19|Cinsaut|0|0|0|0|0|0|0|0|0|0|0|4148|6229|11047|13522|7195|2446|5871|22362|24663|27386|17020|13230|17745|18060|9500|243012|6000|5700|14800|0|0|0|0|0|0|0|0|0|0|0|0|0|0|0|0|0|3430|0|nd|0|0|TINTAS
20|Dom Felder|0|0|0|0|0|0|0|0|0|0|0|0|0|0|0|0|0|0|0|0|0|0|0|0|0|0|0|0|0|0|0|0|0|0|0|0|0|17590|0|0|0|0|0|0|0|0|0|0|0|nd|0|0|TINTAS
21|Dolcetto|0|0|0|0|0|0|0|0|0|0|0|0|0|0|0|0|0|0|0|0|0|0|0|0|0|0|0|0|0|0|0|0|0|0|4496|5634|0|0|0|0|0|0|0|0|0|0|0|0|0|nd|0|0|TINTAS
22|Durif|0|0|0|0|0|0|0|0|0|0|0|11134|7496|3052|0|0|0|0|0|0|0|0|0|0|0|0|0|0|0|0|0|0|0|0|0|0|0|0|0|0|0|0|0|0|0|0|0|0|0|nd|0|0|TINTAS
23|Egiodola|0|0|0|0|0|0|0|0|0|0|0|0|0|0|0|0|0|0|0|0|0|0|0|0|0|0|0|0|0|188625|325911|373345|512792|625861|859275|1070153|899584|1265676|1366406|1157679|845205|1544746|992241|1059250|911280|1053654|519874|1567341|1047960|nd|1067591|6322152|TINTAS
24|Ekigaina|0|0|0|0|0|0|0|0|0|0|0|0|0|0|0|0|0|0|0|0|0|0|0|0|0|0|0|0|0|0|0|0|0|0|0|0|0|0|1720|0|0|1350|2630|1720|600|1090|0|1340|2070|nd|1990|2202348|TINTAS
25|Festival (Sugraone)|0|0|0|0|0|0|0|0|0|0|0|0|0|0|0|0|0|0|0|0|0|0|0|0|0|0|0|0|0|0|0|0|0|0|0|0|0|0|0|0|0|18007|0|0|0|0|0|0|0|nd|0|0|TINTAS
26|Franconia|0|0|0|0|0|0|0|0|0|0|0|0|0|0|0|0|0|0|0|0|0|0|0|0|0|0|0|0|0|0|0|0|0|0|0|0|0|3633|0|0|9310|0|0|0|0|0|0|0|0|nd|0|0|TINTAS
27|Freisa|1661|1519|1005|0|713|1713|1098|0|0|382|0|0|0|213|0|4208|0|0|0|0|0|0|0|0|0|0|0|0|0|0|0|0|0|0|0|0|0|6727|0|0|0|0|0|0|41403|24452|0|22610|14020|nd|25330|0|TINTAS
28|Gamay St Romain|0|0|189|0|0|3498|0|1226|14517|37287|52878|167142|298609|430780|519843|895817|788089|603449|777214|735344|399023|255846|297597|253209|137064|20523|66767|140363|154220|569713|86966|55041|46993|40051|32533|64571|22755|45266|59576|38260|44153|20830|10995|11615|11180|31935|0|12835|12675|nd|0|0|TINTAS
29|Gamay Beaujolais|0|0|0|0|0|0|0|0|0|0|0|0|0|0|0|48410|0|0|447830|175560|558237|364550|311457|386708|506944|548553|528897|320585|450296|215226|557368|351732|230492|342824|508063|339559|249021|320115|316366|208276|84074|164201|163664|135405|113038|121516|45952|150331|152384|nd|143278|5375879|TINTAS
30|Grand Noir|0|930|603|0|0|3056|1787|0|713|6320|3012|0|0|0|0|27537|21|56|4264|0|0|0|245|410|420|440|378|520|422|0|0|0|459|536|0|0|0|0|0|0|0|0|0|0|0|0|0|0|0|nd|0|0|TINTAS
31|Grenache|19753|22418|18488|4924|19945|30867|1541|15367|13012|6100|6268|12138|17212|12094|16473|0|15851|6043|12090|18136|3289|1305|484|406|0|0|0|0|0|0|298|0|0|0|0|0|0|0|0|0|0|1180|0|0|0|0|0|0|0|nd|1130|1715870|TINTAS
32|Jaen|0|0|0|0|0|0|0|0|0|0|0|0|0|0|0|0|0|0|0|0|0|0|0|0|0|0|0|0|0|0|0|0|0|0|576|2824|4290|215|1037|3642|0|0|0|0|0|0|0|0|0|nd|0|0|TINTAS
33|Lagrein|0|0|0|0|0|0|0|0|0|0|0|0|0|0|0|0|0|0|0|0|0|0|0|0|0|0|0|0|0|0|0|0|0|0|0|0|0|190|420|670|5670|3288|800|15300|750|1400|0|1430|2700|nd|3020|94970|TINTAS
34|Lambrusco|2259|2670|100|0|0|0|0|0|0|949|3566|13886|300|13145|28317|14360|6245|7887|5543|52860|15560|23396|32453|2985|67420|14287|20805|46645|45240|67305|45815|82657|143175|156548|113831|96040|75631|96068|113388|111537|68480|94480|52740|56120|29890|39990|19784|61779|44511|nd|29320|3221972|TINTAS
35|Malbec|4097|4884|0|200|6167|2012|1992|2219|2228|2017|0|12745|14466|18205|22839|39347|23431|10121|64701|37043|69305|50169|125463|63531|85941|58659|205117|63518|12977|43135|105730|45079|65886|69353|98686|133965|148733|399928|414138|393256|318059|636608|629019|590041|616160|624096|267885|740327|628780|nd|493966|8502206|TINTAS
36|Marzemina|62546|66569|138699|49930|136790|132188|129224|132412|94683|191801|91706|108290|88008|115906|231695|352748|159440|162480|244605|203600|143957|106385|105326|93335|84677|55191|49350|42699|1390|0|7765|12261|25121|11607|8303|16200|9185|0|0|0|0|5460|0|0|4180|750|0|0|0|nd|0|0|TINTAS
37|Merlot|185596|164533|198870|263765|1050036|1409406|1538351|2257565|2793801|3240761|1907623|4618249|5762774|3099201|4939522|6965153|4775740|4310762|6278832|6258967|6440525|4275871|5014804|4827232|5881174|4320777|4230298|5443902|3188079|5071616|6223276|4962355|5836525|6826491|9886980|10632174|8449561|11399362|11866618|8876279|6179006|12510489|9645204|10179782|7846034|8030882|3286035|8309646|6257492|nd|6010486|494356|TINTAS
38|Marselan|0|0|0|0|0|0|0|0|0|0|0|0|0|0|0|0|0|0|0|0|0|0|0|0|0|0|0|0|0|0|0|0|0|0|0|28868|66815|109574|181823|228360|200025|339023|261314|345504|404323|411105|205095|385945|384278|nd|449156|154348|TINTAS
39|Molinera|0|0|0|0|0|0|0|0|0|0|0|0|0|0|0|0|0|0|0|0|0|0|0|0|0|0|0|0|0|0|0|0|0|0|0|0|0|0|692|650|100|1080|990|1009|1023|1080|324|1480|1900|nd|2198|569|TINTAS
40|Montepulciano|0|0|0|0|0|0|0|0|0|0|0|0|0|0|0|0|0|0|0|0|0|0|0|0|0|0|0|0|0|0|0|0|0|0|20721|21150|24390|30820|34060|21190|17959|21115|27678|41888|26280|25640|13330|28008|23306|nd|22968|28485|TINTAS
41|Moscato Bailey|0|0|0|0|0|0|0|0|0|0|0|0|0|0|0|0|0|0|0|0|0|0|0|0|0|0|0|0|0|0|0|0|0|0|0|0|0|0|0|0|0|0|0|0|0|0|0|0|152136|nd|206348|3541181|TINTAS
42|Napa Gamay|0|0|0|0|0|0|0|0|0|0|0|0|0|0|107495|9665|0|0|102650|57830|193570|149800|194760|283550|258640|254730|348190|270240|238000|216540|290790|248160|136760|39250|265240|225660|114690|175040|179050|74640|0|31410|86650|55550|16380|8970|0|0|0|nd|0|0|TINTAS
43|Nebbiolo|0|0|0|0|0|0|0|0|0|700|1400|0|600|0|0|0|357|4000|6454|0|28600|226893|200187|0|0|16293|89670|13639|12305|0|80|0|0|4000|4664|6671|11082|13971|10019|14148|11986|21342|37530|9327|7223|12754|3117|5494|9236|nd|8642|254738|TINTAS
44|Petit Verdot|0|0|0|0|0|0|0|0|0|0|0|0|0|0|0|0|0|0|0|0|0|0|0|0|0|0|0|0|0|0|0|0|0|0|14994|41706|45425|57029|50933|56031|109942|127549|102402|167522|75010|135770|116266|230640|83552|nd|228503|277189|TINTAS
45|Petite Sirah|0|0|0|0|0|0|0|0|0|0|0|0|0|836158|33693|73075|99786|61205|140196|223434|208765|86215|102830|92638|117771|112839|92374|222324|78455|109791|177654|109805|106091|28210|64909|137568|87550|99577|77759|121525|29457|98861|149196|105934|47834|48483|24564|92818|110361|nd|174949|198152|TINTAS
46|Pinotage|0|0|0|0|0|0|0|0|0|0|0|0|0|0|5861|15236|13483|9527|19945|44697|76979|97269|231618|286349|409495|367315|641203|524028|629762|935337|1851305|1432456|1111531|1181440|1471881|1994817|996781|1113861|1578657|978575|644072|1075863|863296|816883|479202|560195|119773|474105|398794|nd|302532|1281674|TINTAS
47|Pinot Noir|0|0|13440|10433|18178|14724|2204|1368|1538|2217|20601|7076|10948|14049|37268|127953|202820|125181|350891|360511|409901|320721|421419|467644|573840|505493|604623|594713|276386|471462|621890|479490|496588|443895|1054529|1704403|1161465|1270351|1930823|1387200|1309849|2513274|2799071|2392357|2592701|3125882|1279105|3676000|3240209|nd|3588106|6184345|TINTAS
48|Pinot Saint George|0|0|0|0|0|0|0|0|0|0|0|0|0|0|0|0|47600|45000|83400|67500|118160|84550|159380|187870|199540|189480|209420|210980|171750|195560|255810|121430|114360|10840|114110|176810|48830|72560|28170|29180|0|7600|20920|14120|2480|0|0|0|0|nd|0|0|TINTAS
49|Piriquita|0|0|0|0|0|0|0|0|0|0|0|0|0|0|0|0|0|0|0|0|0|0|0|0|0|0|0|0|0|0|0|0|0|0|0|0|12845|0|0|0|0|0|0|0|0|0|0|0|0|nd|0|0|TINTAS
50|Rebo|0|0|0|0|0|0|0|0|0|0|0|0|0|0|0|0|0|0|0|0|0|0|0|0|0|0|0|0|0|0|0|0|0|0|0|0|550|3000|7610|4240|1650|27620|16440|19780|13420|22290|12470|44440|94480|nd|177172|15912|TINTAS
51|Refosco|0|0|0|0|0|0|0|0|0|0|0|0|0|0|0|0|0|0|0|0|0|0|0|0|0|0|0|0|0|0|0|0|0|0|37155|42207|26537|17415|59340|10430|9466|18705|12120|12080|13240|9310|3260|5240|7320|nd|0|380|TINTAS
52|Rondinella|0|0|0|0|0|0|0|0|0|0|0|0|0|0|0|0|0|0|0|0|0|0|0|0|0|0|0|0|0|0|0|0|0|0|0|0|0|0|668|648|100|1150|1020|1089|1053|1110|333|1899|1990|nd|2340|684860|TINTAS
53|Ruby Cabernet|0|0|0|0|0|0|0|0|0|0|0|0|0|0|204|426|21|700|6800|4678|0|0|220|2119|5813|13553|16653|17004|16033|24678|42699|76483|178033|264363|595080|546629|654931|782800|679484|532095|379720|582497|470683|526124|486527|388019|220231|382994|248992|nd|218783|78412|TINTAS
54|Sangiovese|27566|59316|62175|38315|59834|63279|46663|71194|49178|131721|166706|162563|182898|173104|173005|144839|77509|90701|118475|96497|59620|244050|254588|34344|99024|13099|8042|3312|0|0|684|1306|15572|33400|127049|190769|133402|115475|405224|303438|258484|359833|280756|277679|122632|135962|26601|89404|63832|nd|85292|3324793|TINTAS
55|Sira (falsa)|3127989|3886509|3299301|2179909|2623809|4303504|3705465|2780195|3004243|3141820|2067161|2015864|2113514|484585|1176744|1272377|695871|520216|228050|191080|182243|46003|45992|43674|4781|5327|0|28137|0|0|0|807|0|559|4792|0|0|0|14145|0|0|0|0|0|0|0|0|0|0|nd|0|0|TINTAS
56|Tannat|0|0|0|0|0|0|0|0|0|0|0|0|0|65320|65320|43800|68352|43762|129001|137749|351017|532348|1153030|948885|2153279|1791208|1762327|1511421|1270299|2077578|3487128|2051940|1893300|2285423|3263479|4561255|3055931|3514880|4711255|4199190|2266985|4152135|4585214|3612439|2644014|2761604|985207|3668851|2940306|nd|3571972|2634802|TINTAS
57|Tempranillo|0|0|0|0|0|0|0|0|0|0|0|0|0|0|0|0|0|0|0|0|0|0|0|0|0|0|0|0|0|0|0|0|0|12160|59028|96125|111158|192063|241017|242484|63526|256836|283929|219163|119398|182579|210551|357637|278456|nd|442330|968038|TINTAS
58|Teroldego|0|0|0|0|0|0|0|0|0|0|0|0|0|0|0|0|0|0|0|0|0|0|0|0|0|0|0|0|0|0|0|0|0|0|7193|41912|51645|61659|69876|105372|68593|179095|157368|124542|87820|97455|34019|87034|77625|nd|106764|717757|TINTAS
59|Torrontes|0|0|0|0|0|0|0|0|0|0|0|0|0|0|0|0|0|0|0|0|0|0|0|0|0|0|0|0|0|0|0|0|0|0|0|0|0|0|0|0|0|0|4300|3090|9580|10070|1490|14630|16350|nd|9700|0|TINTAS
60|Tinta Barroca|0|0|0|0|0|0|0|0|0|0|0|0|0|0|0|0|0|0|0|0|0|0|0|0|0|0|0|0|0|0|0|0|0|0|0|0|0|6520|12870|6710|0|0|0|0|0|0|0|0|0|nd|0|0|TINTAS
61|Touriga Francesa|0|0|0|0|0|0|0|0|0|0|0|0|0|0|0|0|0|0|0|0|0|0|0|0|0|0|0|0|0|0|0|0|0|0|6775|4680|0|0|0|0|0|0|0|0|0|0|0|0|0|nd|0|0|TINTAS
62|Touriga Nacional|0|0|0|0|0|0|0|0|0|0|0|0|0|0|0|0|0|0|0|0|0|0|0|0|0|0|0|0|0|0|0|0|0|0|26448|52099|42376|127462|101376|131833|97629|189928|133820|136565|86460|136611|53552|108245|122015|nd|150166|38910|TINTAS
63|Tinta Madeira|0|0|0|0|0|0|0|0|0|0|0|0|0|0|0|2508|1733|179|1493|0|54|0|0|0|0|0|0|0|0|0|0|0|1300|0|0|0|0|0|0|0|0|0|0|0|0|0|0|0|0|nd|0|0|TINTAS
64|Tintoria|0|0|0|0|0|0|0|0|0|0|0|0|0|0|0|21260|0|14930|0|0|14526|7218|0|0|0|0|3035|0|0|0|0|0|0|0|0|0|0|0|0|0|0|0|0|0|0|0|0|0|0|nd|0|0|TINTAS
65|Trincdeira|0|0|0|0|0|0|0|0|0|0|0|0|0|0|0|0|0|0|0|0|0|0|0|0|0|0|0|0|0|0|0|0|0|0|3996|5780|3591|255|0|0|0|0|0|0|0|0|0|0|0|nd|0|0|TINTAS
66|Trousseau|0|0|0|0|0|0|0|0|0|0|0|0|0|0|0|0|0|0|0|0|0|0|0|0|0|16019|0|0|0|0|0|0|0|0|0|0|0|0|0|0|0|0|0|0|0|0|0|0|0|nd|0|0|TINTAS
67|Zinfandel|0|0|0|0|0|0|0|0|0|0|0|0|0|0|0|198|41460|45226|70341|310520|1567535|1216093|1816589|2500275|2517495|1885121|1011625|1689415|593579|84271|189989|140148|74289|60875|1541|479|0|0|0|0|372|0|0|0|0|0|0|0|0|nd|0|0|TINTAS
68|Outras1|0|0|0|0|0|0|0|0|0|0|0|0|0|0|0|0|0|0|0|0|0|0|0|0|0|0|0|0|0|7690|10833|15000|620|0|0|0|0|0|0|0|0|0|0|0|0|0|0|0|0|nd|0|0|TINTAS
70|Aliatico|0|0|0|0|0|0|0|0|0|0|0|0|0|0|0|0|0|1587|1850|444|0|0|0|0|0|0|0|0|0|0|0|0|0|0|0|0|0|0|0|0|0|0|0|0|0|0|0|0|0|nd|0|0|BRANCAS E ROSADAS
71|Aligote|530|1000|1969|0|618|5009|372|0|720|0|0|482|590|756|938|0|0|0|0|0|0|0|0|0|0|53465|0|0|23716|0|0|0|90|0|0|0|0|0|0|0|0|2640|0|0|0|0|0|0|0|nd|0|0|BRANCAS E ROSADAS
72|Altesse|0|0|0|0|0|0|0|0|0|248|550|5430|11086|12938|15903|36111|43477|8556|39549|42682|40662|18270|31166|24592|28012|13250|110708|0|0|0|0|0|0|0|0|0|0|0|0|0|0|0|0|0|0|0|0|0|0|nd|0|0|BRANCAS E ROSADAS
73|Alvarinho|0|0|0|0|0|0|0|0|0|0|0|0|0|0|0|0|0|0|0|0|0|0|0|0|0|0|0|0|0|0|0|0|0|0|476|1596|0|2477|1071|1675|1088|6668|5081|12413|16147|9860|16369|41225|32647|nd|46574|242238|BRANCAS E ROSADAS
74|Arriloba|0|0|0|0|0|0|0|0|0|0|0|0|0|0|0|0|0|0|0|0|0|0|0|0|0|0|0|0|17439|26135|0|36661|34696|32954|49339|45825|27410|22832|51380|35375|33750|38390|40000|28829|31140|34120|17070|5280|2580|nd|2940|0|BRANCAS E ROSADAS
75|Auxerrois|0|0|0|0|0|0|0|0|0|0|0|0|0|0|0|2020|0|3057|0|0|0|980|640|0|0|0|361|616|0|0|0|0|0|0|0|0|0|0|0|0|0|0|0|0|0|0|0|0|0|nd|0|0|BRANCAS E ROSADAS
76|Burger|0|0|0|0|0|0|0|0|0|0|0|0|0|0|0|2665|20591|0|4280|0|0|0|0|18394|12215|17093|14640|25067|12295|14427|13028|6507|0|0|0|0|0|0|0|0|0|0|0|0|0|0|0|0|0|nd|0|0|BRANCAS E ROSADAS
77|Chardonnay|0|0|0|0|0|0|0|0|0|0|0|766|2590|12370|17191|191484|352746|396887|1016199|1379927|1310807|2185942|3127459|4940497|6118355|3271043|3402706|4745010|2966716|1501537|2873611|2197800|1604484|1568275|1745396|4441390|1830171|1752488|5829449|4812743|3836555|4916344|6347044|6174156|5821514|7253167|3070142|7856910|6068902|nd|6514864|4200465|BRANCAS E ROSADAS
78|Chasselas|0|0|13255|0|0|0|271|0|0|916|1524|18384|44280|34988|48466|160169|123305|100699|189452|249408|239011|114585|135893|171949|113748|112411|126389|130461|80410|267566|179914|89938|113502|53094|84254|103057|111200|48268|58390|32425|47099|29543|0|0|0|0|0|0|0|nd|0|0|BRANCAS E ROSADAS
79|Chenin Blanc|0|0|0|0|0|0|0|0|0|0|0|0|228|14681|14678|40276|110067|97373|226826|217512|386466|504502|383916|515270|461153|557814|493923|588756|398013|492063|496981|343919|231841|44622|386277|519802|400160|355185|362750|347230|73720|212900|257090|264090|146760|173321|60580|266524|387360|nd|465377|49100|BRANCAS E ROSADAS
80|Clairette(1)|146617|116887|120166|94006|116154|139266|144596|87281|86242|86382|29871|52133|67028|5834|11168|13929|12182|910|0|0|754|0|0|0|5228|0|153092|0|0|0|0|0|0|0|0|0|0|0|0|0|0|949|0|0|0|0|0|0|0|nd|0|0|BRANCAS E ROSADAS
81|Colombard|0|0|0|0|0|0|0|0|0|0|0|0|0|0|0|0|14480|23000|32200|28460|38460|26500|89500|128370|117660|0|203100|0|171673|282698|343181|276372|208977|153359|451264|654642|518836|593625|879719|717624|479201|445104|773273|673158|563589|512199|201659|535573|522866|nd|467614|97713|BRANCAS E ROSADAS
82|Flora|0|0|0|0|0|0|0|0|0|0|0|0|0|28568|28570|53233|52143|73563|132433|163005|184768|212220|335242|423725|345158|476088|346727|585629|311974|496779|581824|452383|215546|323181|259473|339979|251511|176396|176229|131760|35860|37620|68260|72410|45240|25090|1050|5810|2060|nd|0|0|BRANCAS E ROSADAS
83|Garganega|0|0|0|0|0|0|0|0|0|0|0|0|0|0|0|0|0|0|0|0|0|0|0|0|0|0|0|0|0|0|0|0|0|0|53010|45800|35110|16970|8530|3170|0|0|0|0|0|0|0|0|0|nd|540|439160|BRANCAS E ROSADAS
84|Gewurztraminer|0|0|0|0|0|0|0|0|0|0|0|1008|1258|2438|8573|88037|206986|314215|740238|1266410|1616040|1648915|1220343|1663736|1206405|751049|844959|838944|417301|293892|474897|291364|161367|92344|253539|315932|142266|284818|196483|155338|105186|206833|327678|239469|162083|207303|85385|223350|208171|nd|192058|3201453|BRANCAS E ROSADAS
85|Gouveio|0|0|0|0|0|0|0|0|0|0|0|0|0|0|0|0|0|0|0|0|0|0|0|0|0|0|0|0|0|0|0|0|0|0|596|1452|5312|5848|2090|7830|4358|0|0|0|0|0|0|0|0|nd|0|0|BRANCAS E ROSADAS
86|Gros Manseng|0|0|0|0|0|0|0|0|0|0|0|0|0|0|0|0|0|0|0|0|0|0|0|0|0|0|0|0|0|0|0|0|0|0|1744|4360|2500|5770|1800|3289|4430|7220|0|4640|4830|7410|0|5680|2430|nd|6296|0|BRANCAS E ROSADAS
87|Italia (Pirovano 65) (PE)|0|0|0|0|0|0|0|0|0|0|0|0|0|0|0|0|0|0|0|0|0|0|0|0|0|0|0|0|0|0|0|0|0|0|0|0|0|0|0|2650|2230|6405|61799|5671|40230|37820|0|180|2942|nd|200|1858705|BRANCAS E ROSADAS
88|Maccabeo|0|0|0|0|0|0|0|0|0|0|0|0|0|0|0|0|0|0|0|0|0|0|0|0|0|0|0|0|0|0|0|0|0|0|0|0|0|0|0|0|0|0|0|3558|0|17670|0|0|0|nd|0|0|BRANCAS E ROSADAS
89|Malvasia|878012|611457|763732|645868|795847|1405733|332150|378085|1068838|1747354|2115375|1614552|2522725|1526008|1886676|3422293|2261265|1526629|3392751|3428752|3945671|2006859|2279929|2986640|2786463|2855822|1587944|1957293|1718461|1184410|0|0|0|0|0|0|0|0|0|0|0|0|0|0|0|0|0|0|0|nd|0|0|BRANCAS E ROSADAS
90|Malvasia Amarela|0|0|0|0|0|0|0|0|0|0|0|0|0|0|0|0|0|0|0|0|0|0|0|0|27040|0|0|0|0|175917|400884|326928|228062|160402|169923|184579|61112|94281|131350|153905|251587|107015|115147|519959|149663|119930|10100|44445|52936|nd|24440|3980|BRANCAS E ROSADAS
91|Malvasia Bianca|0|0|0|0|0|0|0|0|0|0|0|0|0|0|0|0|0|0|0|2046|12319|16474|18306|34816|0|0|0|40689|4710|0|1792354|785519|637835|407387|350631|359199|192862|191316|325942|281064|49176|138608|119122|184949|414603|602081|217177|629101|574521|nd|494343|1165104|BRANCAS E ROSADAS
92|Malvasia Chianti|0|0|0|0|0|0|0|0|0|0|0|0|0|0|0|0|0|0|0|0|0|0|0|0|0|0|0|0|0|0|0|0|0|0|18411|24030|14705|15235|4730|0|2142|0|0|5061|7632|0|1314|0|0|nd|0|0|BRANCAS E ROSADAS
93|Malvasia Verde|0|0|0|0|0|0|0|0|0|0|0|0|0|0|0|0|0|0|0|18637|0|0|10510|0|65144|0|0|0|0|173550|60915|244313|201609|165991|285416|145111|145670|253369|289366|331718|83565|60776|10979|18690|8825|5108|2460|10457|15220|nd|26597|3578|BRANCAS E ROSADAS
94|Malvasia di Candia|0|0|0|0|0|0|0|0|0|0|0|0|0|0|7318|0|0|0|0|0|0|0|0|0|0|0|0|0|0|0|403192|273020|135690|134390|146558|160845|228221|283476|628749|739588|649194|1727224|1825193|1692882|1888539|2512864|1268750|2785543|2557871|nd|3389071|1544223|BRANCAS E ROSADAS
95|Malvasia Istriana|0|0|0|0|0|0|0|0|0|0|0|0|0|0|0|0|0|0|0|0|0|0|0|0|0|0|0|0|0|0|0|0|0|0|0|300|0|0|0|0|0|0|0|0|0|0|0|0|0|nd|1090|950|BRANCAS E ROSADAS
96|Mistura de uvas viníferas branco|0|0|0|0|0|0|0|0|0|0|0|0|0|0|0|0|0|0|0|0|0|0|0|0|0|0|0|0|0|0|0|0|0|0|0|0|0|0|0|0|0|0|0|0|0|0|0|0|0|nd|0|12278|BRANCAS E ROSADAS
97|Mistura de uvas viníferas rosado|0|0|0|0|0|0|0|0|0|0|0|0|0|0|0|0|0|0|0|0|0|0|0|0|0|0|0|0|0|0|0|0|0|0|0|0|0|0|0|0|0|0|0|0|0|0|0|0|0|nd|0|325922|BRANCAS E ROSADAS
98|Moscato Branco|5772931|5334475|5378768|3490996|10348989|8716599|9297817|10212209|8696749|11743280|7650069|12114399|13984946|9067746|11156471|18464456|12858661|15436116|22528034|22513823|19690691|9533114|19854192|15255972|14611629|14045052|14374633|13576155|9495554|19636525|19535723|12038417|13809332|9788714|13066588|10145908|10748618|15717087|14744061|14294841|8595609|16871284|13322429|13136399|12669980|12788740|6068181|14475142|11202231|nd|11868851|12100995|BRANCAS E ROSADAS
99|Moscato Canelli|0|0|0|0|0|0|0|0|0|0|0|0|0|0|0|0|7554|0|0|0|0|0|0|0|0|0|0|0|0|0|0|7581|19758|1059|13112|461612|57796|84053|65107|61009|55811|92887|123255|64800|85785|72462|30378|57083|121008|nd|138482|109714|BRANCAS E ROSADAS
100|Moscato Giallo|0|0|0|0|0|0|0|0|0|0|0|0|0|0|0|0|0|0|0|0|0|0|0|0|0|0|0|0|0|1217|17700|115727|357251|349892|691230|703485|776846|1173519|1122457|1446926|1151570|1949920|1641498|1813522|1742605|1785956|813952|2091933|1590531|nd|1597829|6365205|BRANCAS E ROSADAS
101|Moscato Nazareno|0|0|0|0|0|0|0|0|0|0|0|0|0|0|0|0|0|0|0|0|0|0|0|0|0|0|0|0|0|0|0|287347|401583|503500|948435|921620|544530|616480|1035000|858910|690210|882104|633606|831206|886808|886075|361638|890655|639810|nd|554762|77912|BRANCAS E ROSADAS
102|Moscato Bianco R2|0|0|0|0|0|0|0|0|0|0|0|0|0|0|0|0|0|0|0|0|0|0|0|0|0|0|0|0|0|0|0|0|0|0|287021|443153|331718|406650|430599|510594|317404|808748|618266|678267|770265|863910|257647|868260|867445|nd|864917|2920047|BRANCAS E ROSADAS
103|Moscato de Alexandria|0|0|0|0|0|0|0|0|0|0|0|0|0|0|0|0|0|0|0|0|0|0|0|0|0|0|0|0|0|0|0|0|0|0|20550|45277|32129|51979|85756|87359|41426|105384|184748|211532|160290|192945|53037|115910|95647|nd|153442|431897|BRANCAS E ROSADAS
104|Moscato Rosado|0|0|0|0|0|0|0|0|0|0|0|0|0|0|0|0|0|0|0|0|0|0|0|0|0|0|0|0|0|0|31105|1872|13219|0|0|0|5310|1226|0|0|2396|7617|0|0|0|0|0|0|0|nd|500|15030|BRANCAS E ROSADAS
105|Muscat à Petits Grains|0|0|0|0|0|0|0|0|0|0|0|0|0|0|0|0|0|0|0|0|0|0|0|0|0|0|0|0|0|0|0|0|0|0|0|0|0|0|0|0|0|0|0|0|0|0|0|0|3000|nd|8030|895346|BRANCAS E ROSADAS
106|Muller Thurgau|0|0|0|0|0|0|0|0|0|0|0|0|0|0|0|2028|7026|11881|17629|17142|36313|19915|26382|31497|40535|27587|15307|19699|15232|19128|22207|12530|7770|3820|3000|0|0|0|0|0|0|0|0|0|0|0|0|0|0|nd|0|0|BRANCAS E ROSADAS
107|Muscadelle|0|0|0|0|0|0|0|0|0|0|0|0|0|0|0|0|0|0|0|2007|5536|5515|4425|5430|4215|600|842|1342|2489|0|0|0|0|0|0|0|0|0|0|0|0|0|0|0|0|0|0|0|0|nd|0|0|BRANCAS E ROSADAS
108|Ora|0|0|0|0|0|0|0|0|0|0|0|0|0|0|0|0|0|0|0|0|0|0|0|0|0|0|0|0|0|0|0|0|0|0|0|0|0|0|0|0|4045|0|0|0|0|0|0|0|0|nd|0|0|BRANCAS E ROSADAS
109|Palomino|0|0|0|0|0|715|0|1156|1430|2507|3917|5329|5687|7328|19500|30395|46533|50919|62679|64664|58657|50188|75366|107812|16137|17661|29436|16819|13406|19023|28451|19125|7959|5500|4530|4184|2270|0|0|0|0|0|0|0|0|0|0|0|0|nd|0|0|BRANCAS E ROSADAS
110|Petit Manseng|0|0|0|0|0|0|0|0|0|0|0|0|0|0|0|0|0|0|0|0|0|0|0|0|0|0|0|0|0|0|0|0|0|0|0|0|0|0|0|0|0|0|0|0|0|0|0|0|1430|nd|0|570|BRANCAS E ROSADAS
111|Peverella|2084128|2117931|1087692|1416283|1596138|2648598|1908436|1389009|2110072|1959410|1047031|1508861|2423524|1375905|1288629|2630718|2036768|1683632|1848715|1943429|2072218|1369962|830149|1002158|1590524|781672|541364|522848|543544|224731|556215|325243|282527|159457|189972|192474|137031|111726|103270|48994|28945|64218|43656|44137|28452|40719|5557|16350|33439|nd|15858|70925|BRANCAS E ROSADAS
112|Pinot Blanc|4000|0|0|0|0|479|2066|11984|21313|930|900|572|1825|9076|15611|129010|168354|229908|413142|516219|801355|779277|356714|496546|563207|519140|536426|421175|257467|229112|486786|227064|170590|63768|77942|60704|12245|14620|40109|8030|16940|26307|10174|8720|5980|7218|0|0|17028|nd|3000|0|BRANCAS E ROSADAS
113|Pinot Gris|0|0|0|0|0|0|0|0|0|0|0|0|0|0|0|0|0|0|0|2680|4771|4324|5821|4054|4091|1548|3358|992|0|257|0|0|0|0|2904|23206|41070|28779|41660|52000|36036|158788|187685|126844|118123|118118|67394|165697|98728|nd|183818|79922|BRANCAS E ROSADAS
114|Prosecco|0|0|0|0|0|0|0|0|0|0|0|0|7771|8211|9327|108830|122524|235512|449028|401705|364665|266752|249335|319841|358042|269092|325159|319186|249502|228568|455579|365590|360238|341380|395644|789457|917214|910158|1930887|2169397|1345161|2720048|2420715|2852648|3030347|3319779|1873735|3342655|4018371|nd|4393451|184218|BRANCAS E ROSADAS
115|Red Veltliner|0|0|0|0|0|0|0|0|0|0|0|1156|4240|1499|2440|4689|2522|654|1512|0|0|0|0|0|5917|9016|10527|0|0|0|0|0|0|0|0|0|0|0|0|0|0|0|0|0|0|0|0|0|0|nd|0|0|BRANCAS E ROSADAS
116|Riesling Italico|413149|404159|304688|402329|1413722|1549553|1505603|1782484|1609807|1886081|2360144|3447930|3752318|3402460|4557416|7207668|4267206|8110697|10052438|9385386|11632192|7151423|7351738|7711434|8114641|8708541|8270792|8184477|4532556|6573788|8855066|5573372|3821716|3135257|2964308|3496056|1901717|1960822|2698892|2466530|2120405|2618429|3172992|3069854|2705224|3468606|1697248|4283929|3724926|nd|3020102|20399648|BRANCAS E ROSADAS
117|Riesling Renano|0|0|0|0|0|0|0|0|0|0|0|0|0|0|5224|163005|426596|0|1505571|2105616|501972|456345|987266|1388349|480873|831082|609615|616675|859540|479779|380135|212917|154533|95021|282012|252740|213256|242940|243690|90530|96828|125166|195120|99230|94276|153605|53550|105100|121020|nd|108260|13385970|BRANCAS E ROSADAS
118|Sauvignon Blanc(2)|2819|5492|49244|12886|71812|43487|66163|1161046|1267449|710596|677739|880228|122285|109219|65207|190061|250087|251663|387957|594507|764746|964644|677896|1108383|1061444|1007060|945476|1022535|722142|840555|1156987|805245|544973|441667|690146|738053|606465|618034|608983|657286|350866|612060|855045|633633|515939|614222|295942|677028|517760|nd|818549|728633|BRANCAS E ROSADAS
119|Sauvignon Gris|0|0|0|0|0|0|0|0|0|0|0|0|0|0|0|0|0|0|0|0|0|0|0|0|0|0|0|0|0|0|0|0|0|0|0|0|0|3213|5534|2147|3629|8513|2854|3737|921|1504|0|0|0|nd|1028|0|BRANCAS E ROSADAS
120|Seara Nova|0|0|0|0|0|0|0|0|0|0|0|0|5300|165|425|1640|965|2273|5965|5941|9338|6958|17061|17691|53320|90957|90729|72809|3707|9550|18890|9120|0|824|6597|3900|0|0|0|0|0|0|0|0|0|0|0|0|0|nd|0|0|BRANCAS E ROSADAS
121|Semillon|1916|0|5172|20447|91675|99569|227838|371084|969832|1125402|1150235|1547289|2699929|2868842|3930216|7393292|6503648|6382755|9118811|8974449|9189656|4808084|4049116|4720136|4777683|4168130|4078162|3656512|2794570|2710748|4310660|2778595|2037827|1129580|1284398|1375957|600858|408016|562371|382995|165518|312204|336252|335323|149939|177672|57635|188211|225952|nd|193760|4000|BRANCAS E ROSADAS
122|Schonburger|0|0|0|0|0|0|0|0|0|0|0|0|0|0|0|0|0|0|0|0|0|0|0|0|0|0|0|0|0|0|0|0|0|0|0|2155|6505|15239|17687|16930|0|14538|21348|14087|5194|0|0|7454|14354|nd|14499|5500|BRANCAS E ROSADAS
123|Sylvaner|0|0|0|0|0|0|0|0|159|1774|5468|11068|14451|34377|41038|73591|66793|51359|112726|141263|166398|105962|120621|142734|134300|88474|54173|46259|764782|84391|129489|50867|54811|14085|11273|12927|4530|4693|6587|492|0|1435|144|155|0|0|0|0|0|nd|0|0|BRANCAS E ROSADAS
124|Tocai Friulano|0|0|0|0|0|0|0|0|0|0|0|0|0|0|0|923|1821|619|124|3467|3118|6143|3122|8198|7904|6530|3357|811|675|752|0|0|0|0|0|0|0|0|0|0|0|0|0|0|0|0|0|0|0|nd|0|0|BRANCAS E ROSADAS
125|Trebbiano|7277270|12225175|9579813|5722394|10863544|14335368|14078518|15228827|14379466|16868971|13100126|17883890|20630475|13105231|17582216|24178593|16567251|12854969|23541232|21370782|18845488|13065462|10465345|8890736|8807970|7282643|5201279|6147074|5416678|4189110|5413475|3158394|2430532|1454210|2043524|1974463|1376390|1711643|1846212|1578176|1338957|2439317|2576020|2876041|3342859|3830336|2083491|3892478|4504485|nd|4682326|67720|BRANCAS E ROSADAS
126|Trebbiano Toscano|0|0|0|0|0|0|0|0|0|0|0|0|0|0|0|0|0|0|0|0|0|0|0|0|0|0|0|0|0|0|0|0|0|0|0|0|0|0|0|0|0|0|0|0|0|0|2694|100047|18110|nd|122512|184310|BRANCAS E ROSADAS
127|Verdea|0|6184|0|1864|3216|4264|2648|0|1252|182|0|0|305|1315|0|0|809|0|0|0|0|0|0|0|24667|0|1837|0|0|0|0|0|52|0|60|4620|0|0|0|0|0|0|0|0|0|0|0|0|0|nd|0|0|BRANCAS E ROSADAS
128|Verdelho|0|0|0|0|0|0|0|0|0|0|0|0|0|0|0|7900|7785|0|0|0|0|0|0|0|0|0|0|0|0|0|0|0|0|0|0|0|0|0|0|0|0|12420|14339|0|0|0|0|0|1800|nd|1540|15503|BRANCAS E ROSADAS
129|Verdiso|7950|770|0|0|0|0|0|0|0|0|11497|10279|24470|9251|46048|23684|0|0|5895|0|970|0|2670|0|0|0|0|1250|0|1654|1435|1370|0|0|0|0|0|0|0|0|0|0|0|0|0|0|0|0|0|nd|0|0|BRANCAS E ROSADAS
130|Vermentino|20461|6097|8945|6153|8954|7070|6478|5649|3802|3848|2446|2487|717|17866|29380|32124|22409|22566|43631|40395|29830|22976|29997|31240|28165|38338|16910|20335|1130|12833|17835|11510|8960|7612|6090|6340|1040|660|3090|1940|560|5480|4844|3220|1890|790|0|0|0|nd|0|0|BRANCAS E ROSADAS
131|Vernaccia|122467|190297|111691|65995|114553|135975|142787|170590|108824|252585|197401|366796|428996|383615|826441|1450663|978903|1124796|1701470|1300388|1603877|1147439|821716|940415|898589|674738|458887|509954|319538|315739|501737|258814|125716|128334|94237|57162|34760|32672|21146|14498|6520|4930|3780|7970|4150|4760|0|5100|4020|nd|95680|0|BRANCAS E ROSADAS
132|Viognier|0|0|0|0|0|0|0|0|0|0|0|0|0|0|0|0|0|0|0|0|0|0|0|0|0|0|0|0|0|0|0|0|0|0|570|3219|16581|37628|41338|49935|76145|144979|200288|247081|149333|285217|95231|365103|470555|nd|531026|78305|BRANCAS E ROSADAS
133|Outras(3)|2126291|1148313|648335|334680|200652|270015|2089793|1875445|231860|0|0|0|0|0|0|26|793|1304|5724|0|0|26796|0|16341|18318|0|34280|49983|0|410|73487|23457|240894|258677|0|0|0|0|0|0|0|0|0|0|0|0|0|0|0|nd|0|0|BRANCAS E ROSADAS
1|Bacarina|82899|106962|67464|58690|138158|101454|57297|0|0|29525|37404|37893|0|46640|46767|55878|26538|40547|0|0|0|0|0|0|0|0|0|0|0|0|0|0|18100|15505|17570|21520|11545|12070|16780|10810|7850|12930|3820|2990|3900|0|0|0|0|nd|0|0|TINTAS
2|Bailey|0|0|0|0|0|0|0|0|0|0|0|0|0|0|0|0|0|0|0|0|0|0|0|0|0|0|0|0|0|0|0|425674|12421|7917|35614|66503|94805|236139|235828|559815|604895|769140|912286|756000|991449|963159|442784|1370092|539742|nd|534981|4092669|TINTAS
3|Bordo|7242197|7227090|6530686|5584243|13341412|16023998|12725233|18714617|22247163|20061699|16495642|20525530|26385123|14872674|22146292|36787283|23956474|22318163|34047360|32102192|32681255|28036345|32595535|31680138|35680856|36409536|31280138|32904803|34014727|40736069|52382471|42098781|54989827|39213494|70888283|64174362|54568468|76907674|97644667|69521354|89066377|139754250|127378006|102788361|113008320|137467196|60976531|160146475|158405972|nd|129978861|117655879|TINTAS
4|Bourdin (S)|0|0|0|0|0|0|0|0|0|0|0|0|0|0|0|0|0|0|0|0|0|0|0|0|78952|0|0|0|7270|0|0|0|0|0|0|0|0|0|0|0|26990|0|0|0|0|0|0|0|0|nd|0|0|TINTAS
5|BRS Carmen|0|0|0|0|0|0|0|0|0|0|0|0|0|0|0|0|0|0|0|0|0|0|0|0|0|0|0|0|0|0|0|0|0|0|0|0|0|0|0|0|2296|48450|278602|605728|1553111|2891792|2964574|6771269|7472984|nd|11540681|13771662|TINTAS
6|BRS Cora|0|0|0|0|0|0|0|0|0|0|0|0|0|0|0|0|0|0|0|0|0|0|0|0|0|0|0|0|0|0|0|0|0|0|0|0|0|4370|59160|335038|1178530|2844280|3098082|3697942|4721454|5733518|5155752|10085982|8691122|nd|7326286|6442555|TINTAS
7|BRS Magna|0|0|0|0|0|0|0|0|0|0|0|0|0|0|0|0|0|0|0|0|0|0|0|0|0|0|0|0|0|0|0|0|0|0|0|0|0|0|0|0|0|0|0|0|600|28560|275616|1605458|2292084|nd|3989275|2094359|TINTAS
8|BRS Margot|0|0|0|0|0|0|0|0|0|0|0|0|0|0|0|0|0|0|0|0|0|0|0|0|0|0|0|0|0|0|0|0|0|0|0|0|0|0|0|0|0|0|0|0|3679|15052|14835|42600|44328|nd|20771|86932|TINTAS
9|BRS Morena|0|0|0|0|0|0|0|0|0|0|0|0|0|0|0|0|0|0|0|0|0|0|0|0|0|0|0|0|0|0|0|0|0|0|0|0|0|0|0|0|12114|0|0|2600|6500|0|0|0|0|nd|0|0|TINTAS
10|BRS Rúbea|0|0|0|0|0|0|0|0|0|0|0|0|0|0|0|0|0|0|0|0|0|0|0|0|0|0|0|0|0|0|6716|32167|68948|74254|230237|308905|366671|605247|785389|718461|876076|1333903|1332139|1478269|1731895|2034788|1637818|2529215|2658828|nd|1476672|191970|TINTAS
11|BRS Violeta|0|0|0|0|0|0|0|0|0|0|0|0|0|0|0|0|0|0|0|0|0|0|0|0|0|0|0|0|0|0|0|0|0|0|0|0|0|0|4296|132764|979695|2404076|4009589|3561414|6489062|8295873|5749538|14432937|13645751|nd|8318514|15601302|TINTAS
12|BRS Vitória|0|0|0|0|0|0|0|0|0|0|0|0|0|0|0|0|0|0|0|0|0|0|0|0|0|0|0|0|0|0|0|0|0|0|0|0|0|0|0|0|0|0|0|0|0|0|0|0|0|nd|0|125731|TINTAS
13|Champagnon (Champanheta)|0|0|0|0|0|0|0|0|0|0|0|0|0|0|0|0|0|0|0|0|0|0|0|0|0|0|0|0|0|0|0|0|5905|26979|23144|5643|10848|7130|0|17498|6000|4351|3138|106|980|0|0|4640|0|nd|0|0|TINTAS
14|Coleções|0|0|0|0|0|0|0|0|0|0|0|0|0|0|0|0|0|0|0|0|0|0|0|0|0|0|0|0|0|0|0|0|490|0|5386|10905|13311|30942|27400|27109|11624|33408|39806|34072|47882|44847|0|4324|1140|nd|0|0|TINTAS
15|Concord|5407624|3726469|2262221|1850704|5218933|7361018|6140559|7387125|8520060|9016712|5640991|10751352|11470646|6864134|8550370|17270192|8864661|11047563|16295035|12222671|15417034|14941796|14188621|19215089|21325339|19710821|16894753|25314872|21850423|21225797|30977892|32948855|34686034|27455055|36107207|37460265|26526274|25732390|44291027|39227727|41446763|44201322|44395218|34237661|30755828|39180980|15254862|36172976|31971535|nd|9984266|367793|TINTAS
16|Concord clone 30|0|0|0|0|0|0|0|0|0|0|0|0|0|0|0|0|0|0|0|0|0|0|0|0|0|0|0|0|0|0|0|0|0|0|0|0|0|0|0|0|942685|1720732|2745160|2326774|2923699|4293636|1770853|4676208|4809154|nd|1406305|621693|TINTAS
17|Couderc|2713692|2835642|2550812|2602220|5057735|4052782|4084126|4214237|4406881|5113513|4431263|4779453|6234132|4643069|5544207|7341937|5474248|6244818|6141396|8457905|6959591|5270323|6545413|7880808|10306977|8015634|8736532|10236308|9098481|15235782|18482712|17623308|20199921|22395538|30938797|25596933|23869435|32652378|33179502|29388964|24092319|35686727|27237702|26722044|30181906|27693447|17522126|31791586|25797806|nd|16974342|54081578|TINTAS
18|Cynthiana(1)|568653|419550|535172|360571|605039|544666|351881|738472|491780|414158|285705|388118|400575|172523|553285|467677|304481|286589|397685|327562|342604|221319|321747|394647|304456|368619|415262|470750|292590|501809|655439|788473|741160|809515|1093197|977034|932587|1705777|1220666|1279382|1151540|1249033|1492979|1290743|1490695|1596711|694778|2083008|1200824|nd|1084022|7346675|TINTAS
19|Herbemont|62053013|43864620|45765536|33214347|65865189|48754240|41938949|53226940|46594020|60116742|31377059|48717399|48220049|26085982|44313715|47677634|29438543|29335178|46197631|29443570|33234026|24856167|29784144|25696041|29001540|31362294|21055147|24288342|17315058|25009687|25932525|17762997|15343264|17060345|18289740|14772530|11490495|18204806|11962083|10968175|7598565|8954135|7246411|6142005|4045612|3282683|1013198|3642399|1325593|nd|1131251|14846723|TINTAS
20|IAC 138022|0|0|0|0|0|0|0|0|0|0|0|0|0|0|0|0|0|0|0|0|0|0|0|0|508580|0|0|0|0|0|0|0|0|0|0|0|0|0|0|0|0|0|0|0|0|0|0|0|0|nd|0|0|TINTAS
21|Isabel|193840398|126754464|120365492|109787700|191946376|193394592|146746340|175906184|202315021|195149198|129236559|191757135|237185186|108170744|166802020|261311720|148440133|140066153|235678802|159406823|210877130|132328198|164527740|160040350|176725596|199803720|137107664|162509173|143410394|195025199|237507385|188547951|211737269|151317201|245112515|185966788|163125701|228558808|236664733|199729598|198927893|244626313|262942020|232518530|228517859|256440505|98302381|262423174|216921065|nd|152414695|125664882|TINTAS
22|Isabel Precoce|0|0|0|0|0|0|0|0|0|0|0|0|0|0|0|0|0|0|0|0|0|0|0|0|0|0|0|0|0|0|0|0|0|0|0|0|8140|86037|576083|1632808|5427981|7687712|11743388|11467561|12806674|15254220|7167904|20028520|17435326|nd|12098037|12814595|TINTAS
23|Jacquez|390593|203081|278191|302686|847092|513846|495973|681039|578872|657846|422025|553100|796363|427037|807228|883337|608629|532204|841551|804883|995409|1687679|1586195|1511782|4133466|1662439|1817283|1913297|2221138|1735671|0|0|24008333|20945416|31496317|20571911|21500205|32478164|23447261|24273653|26557467|30223434|24572149|24997428|24345429|24330422|11518368|31404577|18221292|nd|8913460|17862770|TINTAS
24|Kyoko|0|0|0|0|0|0|0|0|0|0|0|0|0|0|0|0|0|0|0|0|0|0|0|0|0|0|0|0|0|0|0|0|0|0|0|0|0|0|0|5395|0|0|0|0|0|0|0|0|0|nd|0|0|TINTAS
25|Landot|134384|106917|63740|80995|103456|104110|87904|62198|44974|39884|36680|38773|30617|10195|8774|21485|5953|3078|8728|2005|3243|5831|1472|575|1760|935|0|0|0|0|223|1585|0|0|0|0|0|0|0|0|0|0|0|0|0|0|0|0|0|nd|0|0|TINTAS
26|Mistura de uvas americanas tinto|0|0|0|0|0|0|0|0|0|0|0|0|0|0|0|0|0|0|0|0|0|0|0|0|0|0|0|0|0|0|0|0|0|0|0|0|0|0|0|0|0|0|0|0|0|0|0|0|0|nd|0|8617|TINTAS
27|Oberlin|15682|34722|11136|9483|47350|17264|10611|22059|13670|6207|1042|3428|5723|767|0|177|4770|85|460|276|91|0|0|0|62|0|0|0|2826|0|4380|0|2610|2230|4470|2855|952|3060|0|0|0|0|0|0|0|0|0|0|0|nd|0|0|TINTAS
28|Othello|33013|106190|34525|17358|54730|53172|77044|46765|59623|3638|37273|25750|37730|10513|0|4862|4488|3295|91992|72780|57552|50940|37109|65870|70019|43847|25953|31225|55456|70987|80659|155060|0|0|0|0|0|0|0|0|0|0|0|0|0|0|0|0|0|nd|0|0|TINTAS
29|Paco|0|0|0|0|0|0|0|0|0|0|0|0|0|0|0|0|0|0|0|0|0|0|0|0|0|0|0|0|0|0|0|0|0|0|0|0|0|0|0|0|0|0|0|0|0|0|0|0|0|nd|7380|0|TINTAS
30|Patricia|0|0|0|0|0|0|0|0|0|0|0|0|0|0|0|0|0|0|0|0|0|0|0|0|0|0|0|0|0|0|0|0|0|0|0|14864|20310|38018|50848|20380|7085|5885|3015|3575|930|2890|0|1300|1401|nd|0|0|TINTAS
31|Seibel|11803494|8309720|8786979|7724880|12179223|11082086|9573812|11772470|9740290|10776565|8757496|13187936|10317316|8861295|12246571|13394429|7940611|8747755|19689011|11640275|14188377|10227279|13785350|12099604|20816629|16575585|14167124|18914686|14338821|27946347|31253537|20842760|4101|2550|6249764|5824509|4764595|8603117|10059544|7731667|6274394|6922384|4056234|6727381|6367679|6075113|2933430|7812493|5293981|nd|3660374|351956|TINTAS
32|Seibel 2 (seibeleto)|0|0|0|0|0|0|0|0|0|0|0|0|0|0|0|0|0|0|0|0|0|0|0|0|0|0|0|0|0|0|0|2842841|6693445|6423177|6330118|2559450|2417681|3349837|4276672|3974185|3062997|2839703|2491824|275998|201931|732685|1387425|2476079|1967808|nd|4538123|26032|TINTAS
33|Seyve Willard (Tinta)|0|0|0|0|0|0|0|0|0|0|0|0|0|0|0|0|0|0|0|0|0|0|0|0|0|0|0|0|0|0|679645|862334|762802|1003113|1120345|1032585|949623|1412382|1963751|1626063|1251956|1602693|1330096|1087889|1344919|1166954|571180|1098564|802673|nd|735427|67600|TINTAS
34|Vênus|0|0|0|0|0|0|0|0|0|0|0|0|0|0|0|0|0|0|0|0|0|0|0|0|0|0|0|0|0|0|0|0|0|0|0|13720|0|0|38540|15460|0|12240|21154|13925|13910|67689|2308|2000|6180|nd|2590|100570|TINTAS
36|Baco|4647|5873|5084|0|0|2610|4172|13095|0|0|0|0|319|0|0|1688|0|0|0|448|739|1699|1262|0|1952|1048|1482|1030|1012|106|0|0|155|0|0|0|28300|0|0|0|0|0|0|0|0|0|0|0|0|nd|0|0|BRANCAS E ROSADAS
37|Bokay|0|0|0|0|0|0|0|0|0|0|0|0|0|0|0|0|0|0|0|0|0|0|0|0|0|0|0|0|0|0|0|0|0|0|0|0|0|0|0|0|0|32810|56250|57680|79390|84430|37890|105130|80470|nd|91980|12830|BRANCAS E ROSADAS
38|BRS Clara|0|0|0|0|0|0|0|0|0|0|0|0|0|0|0|0|0|0|0|0|0|0|0|0|0|0|0|0|0|0|0|0|0|0|0|0|0|0|0|0|3560|4820|4120|81130|0|0|390|0|0|nd|0|0|BRANCAS E ROSADAS
39|BRS Lorena|0|0|0|0|0|0|0|0|0|0|0|0|0|0|0|0|0|0|0|0|0|0|0|0|0|0|0|0|0|0|0|0|0|0|151131|565303|1366570|3312021|4861871|6117429|4804262|7776413|8792381|7354725|9165164|9168814|4520872|11704478|7529654|nd|7165025|23133629|BRANCAS E ROSADAS
40|Couderc 13|0|0|0|0|0|0|0|0|0|0|0|0|0|322338|589380|906354|982883|1977492|2218296|2614887|2790853|2506363|3007751|2841307|2341773|3376162|2627423|3702369|2598439|4524048|6123476|7809061|7605912|8908218|9332646|7870793|7903159|11367849|10071015|11021450|8001944|10982813|10185486|8564745|8990377|7605648|4286807|7955879|5524997|nd|3794245|33620117|BRANCAS E ROSADAS
41|Delaware|22705|22883|7517|0|0|0|0|0|0|19359|18249|4630|23875|0|0|0|0|0|0|0|0|0|0|0|0|0|0|0|0|0|0|0|5360|0|0|0|0|0|0|0|0|0|0|0|0|0|0|0|0|nd|0|0|BRANCAS E ROSADAS
42|Dona Zillá|0|0|0|0|0|0|0|0|0|0|0|0|0|0|0|0|0|0|0|0|0|0|0|0|0|0|0|0|0|0|89841|251529|83222|105665|51939|46844|13660|57310|29246|44650|35708|29190|23770|15330|12325|34170|7890|19110|15370|nd|12610|10610|BRANCAS E ROSADAS
43|Dut Chess|0|0|0|0|0|0|0|0|0|0|0|0|0|0|0|0|0|0|0|0|0|0|0|0|0|0|0|0|16342|15706|0|0|0|0|0|0|0|0|0|0|0|0|0|0|0|0|0|0|0|nd|0|0|BRANCAS E ROSADAS
44|Goethe|311458|267549|472553|113941|371399|280190|228609|20404|347450|70345|16057|72134|68360|130894|169402|301062|363437|178750|433377|328972|472611|431040|74765|76160|361587|47140|341189|337063|322158|318742|501930|379003|463452|246111|514160|522887|491419|791379|324838|480376|473521|414977|776322|469138|346269|481443|179216|248470|475568|nd|358137|104596918|BRANCAS E ROSADAS
45|IAC|0|0|0|0|0|0|0|0|0|0|0|0|0|0|0|0|0|0|0|0|0|0|0|0|0|0|0|0|0|0|0|0|0|0|0|0|0|0|0|0|650|0|0|0|0|0|0|0|0|nd|0|0|BRANCAS E ROSADAS
46|Juliana|0|0|0|0|0|0|0|0|0|0|0|0|0|0|0|0|0|0|0|0|0|0|0|0|0|0|0|0|0|0|0|0|0|0|0|0|0|7000|15380|4060|1500|0|0|0|0|0|0|0|0|nd|0|0|BRANCAS E ROSADAS
47|Martha|15045|21972|14716|5126|17486|13578|1108|921|10749|7396|980|1041|3567|1920|16321|9096|1155|3200|5482|8930|4001|1449|2100|0|0|4454|995|9311|4307|5128|10397|16353|15890|8845|17610|10060|9302|6038|6586|6433|11329|3060|22321|5642|3050|12334|0|6150|7040|nd|6130|113040|BRANCAS E ROSADAS
48|Mistura de uvas americanas|0|0|0|0|0|0|0|0|0|0|0|0|0|0|0|0|0|0|0|0|0|0|0|0|0|0|0|0|0|0|0|0|0|0|0|0|0|0|0|0|0|0|0|0|0|0|0|0|0|nd|0|1856|BRANCAS E ROSADAS
49|Moscato Embrapa|0|0|0|0|0|0|0|0|0|0|0|0|0|0|0|0|0|0|0|0|0|0|0|0|0|0|0|0|0|51522|73931|875554|1149812|1445602|2328928|2813056|4274628|6621952|8598555|11229449|8594684|11200409|11303572|11763335|11902554|11248259|6173966|11771138|9535525|nd|7836758|5747131|BRANCAS E ROSADAS
50|Niagara|631152|239017|253262|112917|2476453|2409319|1035298|2468965|3239522|3589475|4030127|6714199|9863766|4496756|8308736|14685699|9191120|12590860|18884834|17211883|20800524|17234514|12657729|21246181|21892480|22138607|14560449|30382883|16338939|1467529|0|0|0|0|0|0|0|0|0|0|0|0|0|0|0|0|0|0|0|nd|0|0|BRANCAS E ROSADAS
51|Niagara Branca|0|0|0|0|0|0|0|0|0|0|0|0|0|0|0|0|0|0|0|245263|0|0|0|0|94323|0|15406|0|0|26743235|29969046|34145485|36195634|31185522|41747941|37394435|32398672|33749294|43629972|30822840|35971072|47581756|47325170|37574776|27973518|50329681|12925747|30802497|42948315|nd|28672956|5574368|BRANCAS E ROSADAS
52|Niagara Rosada|0|0|0|0|0|0|0|0|0|0|0|0|0|0|0|0|0|0|0|118763|477502|245082|388417|919565|1552087|1454485|1391996|6321306|4312102|5387168|10125596|16150486|10417448|9527834|12632861|12605714|8736346|10383783|14753481|9975809|12553768|14831369|14040879|10312310|9552430|15706093|4236495|11464265|12308714|nd|8740991|2170241|BRANCAS E ROSADAS
53|Poloske|0|0|0|0|0|0|0|0|0|0|0|0|0|0|0|0|0|0|0|0|0|0|0|0|0|0|0|0|0|0|0|0|0|0|0|0|0|0|0|0|0|0|0|0|0|0|2250|12100|11180|nd|14191|402953|BRANCAS E ROSADAS
54|Seleções|0|0|0|0|0|0|0|0|0|0|0|0|0|0|0|0|0|0|0|0|0|0|0|0|0|0|0|0|0|0|0|0|0|0|0|0|2360|5370|4280|0|0|2022|0|0|0|1500|0|0|0|nd|0|0|BRANCAS E ROSADAS
55|Seyve Villard|0|0|145444|0|0|11830|0|84230|182406|1099552|294858|620207|3756931|4095059|5284971|5234899|3649876|2777664|5881237|4991879|4182609|2813847|3066943|3360192|2818418|3092325|2311312|0|1564884|1741794|982857|726630|423282|994378|1029919|952715|915917|1139845|1156969|1094276|873170|1007735|839003|781787|700473|657086|312824|586955|462683|nd|313488|0|BRANCAS E ROSADAS
56|Seyve Villard 5276|0|0|0|0|0|0|0|0|0|0|0|0|0|0|0|0|0|0|0|0|0|0|0|0|0|0|0|0|0|0|0|0|0|0|661492|494908|260294|406600|449229|305108|242528|242415|151456|180410|107521|91960|60000|206295|139575|nd|57423|97368|BRANCAS E ROSADAS
57|Seyve Villard 12375|0|0|0|0|0|0|0|0|0|0|0|0|0|0|0|117279|0|0|0|0|0|0|0|0|154343|0|0|2219710|63233|426691|1447387|936740|867152|0|0|0|0|0|0|0|0|0|0|0|0|0|0|0|0|nd|0|61942|BRANCAS E ROSADAS
58|Tardia de Caxias|0|0|0|0|0|0|0|0|0|0|0|0|0|0|0|0|0|0|0|0|0|0|0|0|0|0|0|0|0|0|0|25735|19580|23276|11345|12420|10383|40003|15971|8437|21921|27285|28853|13430|14890|17711|3440|6170|5380|nd|8150|33870|BRANCAS E ROSADAS
59|Outras(2)|0|0|0|0|0|0|0|0|0|0|0|0|0|0|0|0|0|0|0|0|0|0|0|0|0|0|49576|17180|0|338394|57504|15682|68967|711372|0|0|0|0|0|0|0|0|0|0|0|0|0|0|0|nd|0|0|BRANCAS E ROSADAS
1| Alphonse Lavallee|31878|2333|170|7690|124762|74293|23684|24430|17339|88822|23451|12094|7662|2989|4380|17553|5147|12670|0|0|0|0|0|0|0|0|0|0|0|0|0|3613|0|0|0|1500|0|0|0|0|0|0|0|0|0|0|0|0|0|nd|0|0|TINTAS
2| Moscato de Hamburgo|25098|41057|4258|1249|801|109438|64828|89161|90655|72067|45312|43680|20248|5165|1590|0|2205|0|0|0|0|0|0|0|0|0|0|0|0|0|13877|20047|23239|7366|49698|48320|36105|66970|101101|84397|31771|89305|145132|75362|65850|108797|51310|85510|62567|nd|63474|21732|TINTAS
4| Cardinal|0|0|0|0|0|0|0|0|0|0|2235|0|0|0|0|0|0|0|0|0|0|0|0|0|0|0|0|0|0|0|0|0|0|0|0|1620|0|0|4610|0|0|0|0|0|0|0|0|0|0|nd|0|0|BRANCAS
5| Golden Queen|167|8654|657|7312|8467|6805|0|2391|8715|2051|2765|0|0|0|1545|4921|3358|1321|0|0|0|0|0|0|0|0|0|0|0|0|0|0|0|0|0|0|0|0|0|0|0|0|0|0|0|0|0|0|0|nd|0|0|BRANCAS
6| Patrícia|0|0|0|0|0|0|0|0|0|0|0|0|0|0|0|0|0|0|0|0|0|0|0|0|0|0|0|0|0|0|20515|23661|42357|75480|6172|0|0|0|0|0|0|0|0|0|0|0|0|0|0|nd|0|0|BRANCAS
7| Perlona|0|0|4027|0|1695|1223|1406|0|0|11377|10722|14467|13971|4948|10735|10548|10753|64694|0|0|0|0|0|0|0|0|0|0|0|0|581598|94352|58566|61178|33155|32105|14569|25899|37376|11335|10375|5575|9695|3378|850|3280|290|180|730|nd|0|1710|BRANCAS
8| Italia|3733|7681|2145|740|268789|579717|152039|227941|235436|134574|59022|36849|39189|14126|1945|5877|18855|4112|0|0|0|0|0|0|0|0|0|0|0|0|0|0|0|0|33860|1630|3320|5130|2300|0|0|0|0|0|0|0|0|0|0|nd|0|0|BRANCAS
9| Rubi (Itália, Itália Ro)|0|0|0|0|0|0|0|0|0|0|0|0|0|0|0|0|0|0|0|0|0|0|0|0|0|0|0|0|0|0|0|0|0|0|0|4115|0|5590|11011|3105|1200|13883|52869|1034|29750|61260|2970|5720|0|nd|45610|51050|BRANCAS
